username,level,arena_points
Santy Botero,28,27
Felipe Vera,12,21
DESASTRE +52,17,13
Chong_._,25,10
ğŸ’œğŸ˜³Elliot femboyğŸ˜³ğŸ’œ,3,6
Dlanor_23,9,5
sebxs.!?,1,5
Mayeyo KamelloğŸ«,14,4
Abraham meloyo ğŸ˜ˆğŸ‘»,7,4
Breiner,2,4
Zhai,1,4
tiburon,10,3
Alejandro,5,3
_Kano_ğŸ’¯ğŸ”¥,5,3
jannielsubero,4,3
Yisus,2,3
Abdeel Martinez,1,3
Historias  de Roblox,1,3
Urixl_19ğŸ­ğŸ‘¾,4,2
Navarro72000,4,2
...........,4,2
Keiner SanchezğŸ‘¾,2,2
SNOOPY,1,2
Jaco,1,2
Mcpapigamer,1,2
soy alejo,1,2
TicoMxdd,6,1
Emanuel,5,1
noe,4,1
juanso,4,1
Notta Baker,2,1
Vexium,2,1
Bauti,1,1
Melissa Benavides,1,1
Nicolas Loaiza Cardo,1,1
ğŸ’¸ğŸŒ‘Dark_NğŸŒ‘ğŸ’¸,1,1
Davisho,1,1
ğŸ’šolix_crackğŸ–¤,1,1
doramichi,1,1
Juan Pablo,1,1
Iker  flores 1212,1,1
Rizn,1,1
Omar,1,1
S_Draco team 549,1,1
...,1,1
752851,0,1
JonasTok,0,1
Â°â€ Â° Â«[ğ†ğšğ›ğ«ğ¢ğğ¥]Â» Â°â€ Â°,0,1
andony,0,1
Edgarin pirlin pin pin,0,1
tÃº papa,0,1
Derek IvÃ¡n Fabela virrey,0,1
ğ’¢ğ’¶ğ’·ğ‘œ,0,1
el pro player,0,1
[Ú©-Ğ‹-Çº-D-Ã˜-],23,0
ï¸,13,0
Sebastian RodrÃ­guez,11,0
â˜ ï¸  J  KARMA  ğŸ¦‚,11,0
URBINA,10,0
PendejilloCES,10,0
jsm,9,0
elo,9,0
beto2938,9,0
Roberto JF,8,0
Marlon Rico ğŸ˜ğŸ’¥,7,0
Rush ğŸª·,7,0
CNASA YUSAKI,7,0
ZaquielğŸª½,7,0
saturnrpks,6,0
Dylan,6,0
Ssoto25,6,0
ï¸,6,0
Leo,6,0
A01,6,0
ğŸ—¿Abrahamfloresfanâ€¢teamnegroâš«ï¸,6,0
CarlosD,6,0
Saitotw,6,0
Andre G,5,0
Neongumer,5,0
davisss,5,0
Feerlook ğŸ”¥,5,0
ğ’€ğ’‚ğ’ğ’†ğ’,5,0
Sebastian Montenegro,5,0
nsp000.0,5,0
sebaslondono_,5,0
T_TOrtega,5,0
F Miguel C ğŸ‡²ğŸ‡½,5,0
DEMENTEGMR,5,0
Y O R D I N ğŸ§ƒ,5,0
Nelson LamasğŸ‘ğŸ­,5,0
Rosa mela no,5,0
toneğŸ‘½ğŸ’“:>,5,0
Leonidas,5,0
MTenorio,5,0
trades de brainrots,5,0
Juan Cepeda,5,0
sus_09,4,0
Henrry,4,0
ğ•­ğ–‘ğ–†ğ–ˆğ–ğ–ğ–Šğ–†ğ–—ğ–™,4,0
Jeremy_F10,4,0
Lucho portuanoğŸ˜,4,0
Skiz09,4,0
Dilan ğŸ’‹ğŸ§,4,0
Aironman5,4,0
moster,4,0
andrewww565,4,0
IlPinnone,4,0
juancandora34,4,0
xXMrflamencoXx,4,0
Ale,4,0
angellmvz,4,0
sam99,4,0
ğŸª¢Brayan S.ğŸ°,4,0
Soy MUGGS,4,0
ğŸ‡¦ğŸ‡·ğŸˆâ€â¬›ğ“†°ğ•°ğ–‘ğ•¯ğ–—ğ–†ğ–ğ–”ğ–“ğ“†ªğŸ–¤,4,0
ï¸,4,0
TCessaroT,4,0
Yender.ğŸ,4,0
ğŸ¥·ğŸ“ Ivan fan de meiis ğŸ“ğŸ¥·,4,0
R7_JÃ©susâ¸â¸â¸,4,0
Juan Diego,3,0
Keenyiii,3,0
Alee DP,3,0
Alejandro Camacho,3,0
Giovany Torres,3,0
Gaviria,3,0
JV,3,0
leiruzx,3,0
GT ğŸ‡¬ğŸ‡¹ğŸ¥°,3,0
Piero,3,0
Jordan P,3,0
Javier2353 l,3,0
FLAKO ğŸ˜,3,0
Olaf GJ,3,0
LUXOR_dp,3,0
Nayibe Medina,3,0
Nicoooh,3,0
fabian6922ğŸŒ·,3,0
Oz-501,3,0
Camus,3,0
Davide8098,3,0
joelsoler802,3,0
JosÃ© Ernesto Padilla,3,0
Cristian MuÃ±oz,3,0
jesus_iz,3,0
meerkuryoLDCR,3,0
Ram (FaraÃ³n) ğŸ‡¨ğŸ‡·,3,0
â‚¹DINO_AL3JOâ‚±,3,0
michigan_86,3,0
Isaac Camarillo25,3,0
santiago Hilgemann,3,0
ErnestoğŸ¦¦,3,0
M3mo,3,0
ProyectoMartinez,3,0
KASH,3,0
TheZay,3,0
Jesus~,3,0
Vinyer18,3,0
zeref783,3,0
alvaro,3,0
DANYğŸ¦ğŸ§¸,3,0
Yahircin:p,3,0
milogra1234,3,0
EL TIO FACU,3,0
juradoabimichelle 2,3,0
callmezac.k,3,0
JuanchiğŸ¤,3,0
ğŸ‰BrauuğŸ‰,3,0
leo y max,3,0
x zá´‡Ê€á´êª â¸™,3,0
calibiomacro,3,0
JitlerğŸ˜ˆ,3,0
pilotosamu,3,0
el mrbruno el mÃ¡s bueno,3,0
Omar.rene,3,0
ğ–¤“ tomas â˜ªï¸,3,0
Frank RodrÃ­guez,3,0
monooaxaco,3,0
Pablo_Benja7,3,0
â¤ï¸ğŸ˜ZX_NICOLASğŸ‡ğŸŒ¸ğŸ¡,3,0
Anthony Caceres,2,0
CASTV_Play â›“ï¸,2,0
DAVID FERIAâš¡,2,0
CÃ¥rlÃ¶s S. BÃ¥yÃ¶nÃ¥.,2,0
Sá´€á´á´œá´‡ÊŸâœPBğŸ¤ ,2,0
ge,2,0
ğ“†°mateo_Hdzxcğ“†ª,2,0
oscarmachi,2,0
Amaro Sandoval,2,0
MauricioTF17,2,0
Frootis,2,0
Brandon M. Altamirano,2,0
Angel ğŸ,2,0
Fernando Machuca,2,0
Jhon55L,2,0
C,2,0
jrsj832,2,0
ivanalakubana,2,0
nupsito_tibur,2,0
cut4chau,2,0
Luis_ziur,2,0
ramirxz___,2,0
BeltrÃ¡n,2,0
Pedro Plaza,2,0
God Anghely,2,0
Br\'andon L\'eÃ³n,2,0
SEÃ‘OR LK  ğŸŒ¹ğŸ›¡âš”ï¸â˜ ï¸ğŸŒºğŸğŸ¦ğŸ¼,2,0
CARS_HUB,2,0
:\'),2,0
Mavb13,2,0
Mak,2,0
adrian,2,0
TheMarkiroxğŸ”®,2,0
emanuel1064,2,0
Yandi,2,0
los gatos son bacanes,2,0
âœ¨BARBIEâœ¨,2,0
ğŸ‘½ManuelMaciasğŸ‘½,2,0
Marlborito,2,0
Gabriel Crew IP,2,0
ï¸Esteban_Tk,2,0
navy flexxx,2,0
andresalvernia04,2,0
jhon._.a4,2,0
losalas,2,0
katherin Herrera ğŸŒ¼,2,0
AndrÃ©s ğŸ•·ï¸ğŸ’š,2,0
Osage.a,2,0
EDWAR BAR,2,0
Rodmin Rj,2,0
exie,2,0
Danlors,2,0
(ã£â—”â—¡â—”)ã£ â™¥ ğ¸ğ“ğ’¾ğ’¶ğ“‚â™¡ğŸ˜‰ â™¥,2,0
joss â˜ï¸âš¡ï¸,2,0
ğ“ğ“²ğ“¬ğ“´ ğŸ“š,2,0
OmarsArcadia,2,0
El que desapareciğŸ,2,0
unXpando,2,0
VNZ WORL,2,0
Miguel,2,0
brel_zestik,2,0
DIEGO,2,0
Luis ğŸ¤‘,2,0
EduardYue,2,0
ğ’¿ğ’¶ğ“ˆğ“ˆâ„´,2,0
SaboSD,2,0
krixus88,2,0
rC_clownheart|SKF|ğŸ‘‘|Dwr|,2,0
gÃ©nesis g2,2,0
Edwin-El Hp,2,0
garciahernandez814,2,0
JuanğŸ§ƒâ¤ï¸â€ğŸ©¹,2,0
Dylan.ramaglia,2,0
Juan_R2,2,0
åŠ›LANKYåŠ›ğŸ’›-675,2,0
Jordy,2,0
Estefania Rodriguez,2,0
jaredheredia_,2,0
torreta09373,2,0
LÏ…caÑ•s,2,0
diegopalacios660,2,0
BlackHitor98,2,0
Alex,2,0
juan esteban cortes,2,0
ï¸,2,0
videos con IA,2,0
JuliÃ¡n,2,0
Cachorro,2,0
Juan Alberto Duran,2,0
NAGI SEISHIRO,2,0
Jw Qwer,2,0
alexmc1990,2,0
ğŸ¤µğŸ»â¤ï¸â€ğŸ©¹M & J â¤ï¸â€ğŸ©¹ğŸ‘°ğŸ»â€â™€ï¸,2,0
Lucas_P,2,0
papu man,2,0
KingSock,2,0
TEAM NEGRO,2,0
la_parka666,2,0
ğŸ§¿DanielğŸ­,2,0
JordanDanieltwğŸŒŠğŸ§Š,2,0
user898809825,2,0
naqueopinar,2,0
WBER HERNEY,2,0
El_NeA_57,2,0
chinoo,2,0
steal a guwno,2,0
dylan3564,2,0
Ronaldcruzâ˜…,2,0
MR GATO,2,0
Pibe_,2,0
Jesus Mateo marttinez,2,0
ğŸ˜¼JosuÃ©ğŸ’«,2,0
el primo de Jorgito chikito,2,0
Franco,2,0
Angelsxz,2,0
catnap ğŸ’œ,2,0
LotustF,2,0
Brandon Valladares Pacheco,1,0
Tipillo,1,0
Ale Bachem E,1,0
ElHenryScz,1,0
Juan Vazquez,1,0
ğ“†© HaroldPe  ğ“†ª,1,0
Kevxs.Sala,1,0
motociclistasinlicencia1,1,0
Isaac-ğŸ‘¹,1,0
diaz ernandes 2026,1,0
ğŸ˜sexy,1,0
Joary Cabrera,1,0
kurgans,1,0
belmont,1,0
Jepsse,1,0
Isaias Benitez,1,0
Mircea,1,0
ikari<3,1,0
ï¸,1,0
014RÂ¥3L23,1,0
Luigi,1,0
Alex,1,0
Peter ğŸ—½,1,0
Tabocaw04,1,0
Alex,1,0
cesar emiilio,1,0
JosÃ© Luisâš¡ï¸,1,0
Jonatan Mejia,1,0
DrDiablito,1,0
_eduardx1,1,0
ğŸ–¤ Ã—ÍœÃ— FERXXO äº— â¤ï¸,1,0
Diego Andr3s ğŸ¥”,1,0
Villalobos ğŸº,1,0
Miguel Alejandro ort,1,0
Fabian Escalante,1,0
á´Šá´œÉ´Éªá´Ê€,1,0
leonardo,1,0
Gabriel Vera,1,0
aguss_ğŸ¦‡,1,0
Yvan  El Chismoso ğŸ—£ğŸ”¥,1,0
Alejo,1,0
wason,1,0
El Shakis,1,0
Michael lucio,1,0
castv_play,1,0
Kaamer Garkez,1,0
SJ Yogi,1,0
××•×•×”ğŸŒ·,1,0
âš¡oscar_OGğŸ€,1,0
phsu,1,0
pechuga,1,0
Cristihan Valdez,1,0
Iâ€™m Alexisprox21ğŸ®ğŸ†âš¡ï¸,1,0
nelsonm599,1,0
Eric_zl,1,0
MNY,1,0
Ricardo,1,0
k,1,0
juan carlos,1,0
ruben,1,0
Rockfumaster,1,0
Suyack,1,0
Goyburu ğŸ¦,1,0
Rich Mrb,1,0
Reikin Parker,1,0
R4 âœá´‡Ê€Éªá´„á´‹,1,0
ğŸ•Šï¸ ğšğš’ğš£ğš”ğš¢,1,0
Shxowy,1,0
davidavilis8,1,0
Cris,1,0
ğ“ªğ“­ğ“²ğ“®ğ“µ,1,0
Johan_RM,1,0
ALESSANDRO !!,1,0
ğŸ’°Å Ã¤Ã¹Ä¾ğŸ‘‘ğŸ‡³ğŸ‡®,1,0
bumer3122,1,0
Pablo ğŸ™‚â€â†”ï¸,1,0
Sebastian Diaz,1,0
ğ•µğ–šğ–‘ğ–ğ–†ğ–“,1,0
ï¸JuanJo,1,0
KeynerğŸ„,1,0
ğŸ‰Luxer 23ğŸ½ğŸ”¥,1,0
pipe,1,0
Sara,1,0
MR.THOR,1,0
Ramith,1,0
Oscar_Cardozo ğŸ‘‘,1,0
lud_r0,1,0
heyy.larasht,1,0
ğ„ğ¦ğ©ğšğ§ğšğğš ğŸ•ğŸ•,1,0
Geovany SÃ¡nchez,1,0
Reyes ğŸ‘‘,1,0
Satoru gojo,1,0
black123,1,0
sergi08,1,0
Fabi,1,0
cjf,1,0
Mikey Wos IT,1,0
David Cortesâœ¨,1,0
Paul CedeÃ±o,1,0
TheJoker,1,0
misterio. (?),1,0
Josecitooo,1,0
ê’’ê„²ê€˜ê’_tÃ¸k      à¼—,1,0
luis,1,0
Andxr_Rz,1,0
WilliamCF123,1,0
Rafael Hernandez,1,0
Papuxio,1,0
Joan sjsj,1,0
wicho_gg,1,0
ManuğŸ¦†,1,0
Juanto,1,0
ğŸ•·ï¸,1,0
RobertğŸ‘¹,1,0
"ï¸its,jose",1,0
Dylan.s,1,0
_â™¦choybix_21â™¦_,1,0
FELIPE@21,1,0
TomÃ¡s,1,0
tin11?,1,0
â³Carlosâ¹â¹â¹,1,0
Martin ğŸ˜´,1,0
oliver_morales01,1,0
ALEXANDER TIQUE ARAGON,1,0
CLAWED,1,0
MystiRAT_gm,1,0
ZÂªCKÂº,1,0
Solidest,1,0
ğ“š.,1,0
7205397192445461509,1,0
ğŸ‘½ğŸ”DUVAN MOLINAğŸ”ğŸ‘½,1,0
tio_acha,1,0
Pansito,1,0
Dorys Davila,1,0
Exequiel.peralta,1,0
asriel dreemurr,1,0
Alexxander,1,0
maicol,1,0
Ugalde ğŸ€ğŸ‘¹,1,0
mate,1,0
Shadow,1,0
JARMOSV,1,0
teamğŸ’•ğŸ’–,1,0
Trejoz Michael,1,0
ï¸alejo âš½ï¸,1,0
H E R R E R A å¤œ,1,0
lobo solitario en vivo oficial,1,0
cafe,1,0
Santiago Duran,1,0
Zeka â‚‰â¹â‚‰,1,0
Eduuuu,1,0
RLCache99ğŸ§ ,1,0
Randy,1,0
VÅ© kaaaaa,1,0
ğŸ’¥zferpoğŸ’¥,1,0
st3rxbau,1,0
lukasinsano8,1,0
Kevinğ’‰­,1,0
Alberto Abd,1,0
capitÃ¡n tripas,1,0
Dylan,1,0
Ê€á´¢â•‘ David,1,0
Diego,1,0
ğŸ–¤cesarğŸ–¤,1,0
danii,1,0
ğ“¢ğ“½ğ“»ğ“¸ğ“·ğ“°ğ“®ğ“¼ğ“½ ğ“¬ğ“ªğ“½,1,0
XD,1,0
vittore56,1,0
Spider-man,1,0
Jesus,1,0
Karlos,1,0
MedinağŸ’¸,1,0
Benjaa,1,0
ğŸ»SmokCaguamağŸŒ·,1,0
konero king,1,0
SATURNO ğŸª,1,0
â˜…pocoyoâ˜…,1,0
ambulancia de bomberos,1,0
juan cubillos,1,0
ğŸ® GOCHITOğŸ®,1,0
Rafaelstella01,1,0
JosuÃ© Chacon,1,0
sergio,1,0
Evan Rogel,1,0
C de Comedia,1,0
fabri,1,0
R.ï·¼Esteban \'ğŸ¥·ğŸ»,1,0
Bonnie plush toker,1,0
.,1,0
Luisanchx,1,0
xKOSHMAR,1,0
@el JULI GK1,1,0
elpepe,1,0
BlackciÃ±o,1,0
Martinez,1,0
miluuuale,1,0
Pato ğŸ¦†,1,0
darkness25,1,0
Felosque,1,0
ANONIMO,1,0
hugo,1,0
{OLIVER LIRYCSÂ°}ğŸ‘†ğŸ¾ğŸ”¥ğŸ–¤,1,0
AÌ†ÌˆxÌ†ÌˆeÌ†ÌˆlÌ†Ìˆ,1,0
@fundyvision,1,0
b.mamba,1,0
â”‡á´á—á‰á¥á´_TK,1,0
mathiasğŸ§›ğŸ»ğŸ¦…,1,0
XAYDENğŸ¤,1,0
JAISON ğŸ¥·âš”ï¸,1,0
giuliano palomeque,1,0
Frank,1,0
ğ™¸ğšœğšŠğš’ğšŠğšœãƒ„_777,1,0
SXNT_14,1,0
mango_1,1,0
Iker Barragan,1,0
Leo casti,1,0
ğŸ¤”kevinğŸ˜µâ€ğŸ’«,1,0
David Vzqz ğŸ‡²ğŸ‡½,1,0
ğ–ğ–˜ğ–†ğ–ğ–†ğ–˜,1,0
nachoğŸ’‹,1,0
ğŒğŸ…â„ğŸ…²ğ—¢ğ‘†,1,0
harold_mg,1,0
ğ“œğŸ§ğŸŒªï¸ğŸ‘¸ğŸ»BrodBarbieğŸ“ğŸ¦‰ğŸª„ğŸ–¤,1,0
MRpato,1,0
Alex_11.,1,0
isaac_xd13062,1,0
Farid,1,0
AarÃ³n Salinas,1,0
HUITZILOPOCHTLI,1,0
Johan_Vergel18,1,0
Nicolas Giraldo,1,0
Elrealmaspro,1,0
ãƒœâ”ŠÊœá´‡á´„á´›á´Ê€â€,1,0
un_ramdom,1,0
Lina Marcela Cuenca Betancur,1,0
Mati Edits,1,0
YouFelipeYT,1,0
Joel Mamani PÃ©rez,1,0
DOMINICğŸ‘»,1,0
nagi seishiro,1,0
moisÃ©s,1,0
Marquito ğŸ§¸,1,0
574ntm,1,0
el panadero,1,0
gama,1,0
â™¥JosÃ©âœ“,1,0
boy sad,1,0
Kevin moreno,1,0
sombra_ff,1,0
Sukuna hei,1,0
MOMAZOS_OZTIAS,1,0
Luciano GarcÃ­a,1,0
617774,0,0
841552,0,0
Jose Chavez,0,0
j,0,0
Erika Â³Â³,0,0
Rafael GÃ³mez,0,0
Sebastian Pelayo,0,0
montanaê›•Í²ğŸ¦¥ğŸ¦¥,0,0
Alejandro H,0,0
Alexis Esteban Dinamarca Rojas,0,0
Felipe Ardila,0,0
Leonardo Guzman,0,0
Juan Estrada ğŸ‘‘,0,0
Oscar Rios,0,0
maxi,0,0
_Borquez_19,0,0
mark_evans_oficial,0,0
Antonio,0,0
Andres,0,0
âš¡Sofi De Chris ğŸŒš,0,0
tute,0,0
juan pablo moles,0,0
FrutirisğŸ“,0,0
ameriko figueroa,0,0
sebas,0,0
Cesar Rosales,0,0
KylanSc,0,0
maco,0,0
Enrique Martinez,0,0
ALEXIS PS,0,0
SoyManoloo_,0,0
Pola,0,0
kemvtello ğŸ¦¦,0,0
Jordi Morales,0,0
bryanlopez1015,0,0
aaleex2501,0,0
ğŸ¤·ğŸ»,0,0
Halo,0,0
NahiağŸ¥°ğŸ¥,0,0
Guexa,0,0
crej074,0,0
EL TUNEA2,0,0
âœ¨WÃ¸rtâœ¨,0,0
Archila J.,0,0
Andres Junca,0,0
thekinayor1,0,0
Ramiro Rodriguez,0,0
Brayan,0,0
JACKSITO,0,0
miguel,0,0
near,0,0
Astiado,0,0
AquiMismitoCon120,0,0
Dante Eslava,0,0
gabriel_tt,0,0
rodrigo_1120,0,0
Luis Hernandez,0,0
ã…¤JoakoAnt,0,0
AntonyKx4_ğŸ¦ˆ,0,0
Chucho,0,0
Jonathan Vizzari,0,0
gonzal000._,0,0
yayan,0,0
Juan Lopez,0,0
Luna,0,0
Alessandro Roma,0,0
Ed,0,0
Felipe Tapia,0,0
Wilfredo Torres,0,0
Manolo 23,0,0
andres cairos,0,0
JeansitoZ,0,0
Nyco,0,0
jooseeedomiiinguezz,0,0
SebastiÃ¡n Yepez,0,0
KrlsGAMING ğŸ‘¾ğŸ®,0,0
Rodrigo DomÃ­nguez,0,0
Erick Carranza,0,0
mat,0,0
tomass_alvz,0,0
Mechas Lds,0,0
eddy,0,0
waltermite,0,0
Holymoly,0,0
Cinthia â™¡,0,0
groÃŸerbigboygrant,0,0
ArmySuga,0,0
JOHAN,0,0
elmabkn,0,0
joaco88892,0,0
Ricardo Contreras,0,0
KingGamerğŸ®ğŸ‘‘,0,0
ãƒ™ãƒƒãƒ‰,0,0
los fachero,0,0
ğŸª«1%,0,0
Daniel Acr,0,0
madrigali_ss,0,0
kevin nontoa,0,0
Kevin Naranjo,0,0
Ivan?,0,0
yo mero.,0,0
JuanGui,0,0
pirata de culiacanxmencho,0,0
x.Dmcktz.666.x,0,0
Juan,0,0
yuuurp,0,0
gero,0,0
Luis Pomares,0,0
Salvador padilla,0,0
Maicol florez,0,0
AJ Maida,0,0
benjas,0,0
user666,0,0
angelcruzruiz,0,0
Kevin,0,0
N...,0,0
ï¸,0,0
Matteo Ferrini,0,0
Brandon,0,0
santi.cestoni,0,0
Junior.ğŸ‘‘,0,0
áƒ¦å½¡18Ignacioâœ¨å½¡áƒ¦,0,0
Caste,0,0
yariel cardenas,0,0
â™•Revenâ™•,0,0
gaeljim06,0,0
Stacy Montes,0,0
Johnnolivera_,0,0
Samuï¿¶ ğŸ™‚,0,0
â„‘ğ”¤ğ”«ğ”ğ” ğ”¦ğ”¬,0,0
lautiidf,0,0
Black Fenix,0,0
Ink demon,0,0
Cristian v,0,0
Emi_ortz,0,0
Nelson yilbert Vicio,0,0
Kevin_Os,0,0
Jose,0,0
santiago,0,0
Luis Torres,0,0
paulinaericamoralğŸª¼95 XD,0,0
David,0,0
Akaza,0,0
Julio Arce,0,0
mario,0,0
Geree,0,0
Juan Pablo Delgado,0,0
Beto MG,0,0
alejandro.munooz,0,0
FXV,0,0
Frank :D,0,0
Walle O.,0,0
Nexhzy,0,0
ğŸ…°ï¸zulitagamerâ¤ï¸ğŸªâ­ğŸŒµ,0,0
AlejandroğŸ’¡,0,0
Carlos,0,0
yagggg9,0,0
Matrix,0,0
el santi rui,0,0
AdriÃ¡nÂ¿?,0,0
ARTISTA_9,0,0
D.O.M.I.N.I.C.K,0,0
Elias PeÃ±aranda,0,0
mxpunisher,0,0
SamuelBehrends,0,0
Cristhian_10,0,0
BexterFilms/Video/FotografÃ­a,0,0
JoelğŸ’¤,0,0
erwin_toloza,0,0
el genioğŸ–¤ğŸ‘,0,0
x.juandi_,0,0
Donaiker DL,0,0
kevvvv.06,0,0
kanjo,0,0
joseph,0,0
ğŸ¥â˜†kiwisitoâ˜†ğŸ¥,0,0
EDWARD ğŸ‘»,0,0
Gabrielito Meza,0,0
SebastianSr,0,0
AndrÃ©s,0,0
wachiwachiwa,0,0
PortadordelaluzI182,0,0
ct0ph3r. _ğŸ¤–,0,0
ğŸ’¢:),0,0
EDWOLF339,0,0
Alexander OrdoÃ±ez,0,0
ğŸ‡¨ğŸ‡±ğŸğŸ—¿Jonatan.Ace ğŸ—¿ğŸğŸ‡¨ğŸ‡±,0,0
Eduardo Castillo,0,0
Jbâ€”2006,0,0
Alantm98,0,0
Ariel,0,0
manolo,0,0
Juliam,0,0
angelicaparrado90,0,0
NestorLemuz,0,0
Luis Villanueva,0,0
Fer Baeza,0,0
Katara ğŸ“,0,0
ğŸ¥·ğŸ•·ï¸JULIAN709LBğŸ¥·ğŸ•·ï¸,0,0
Emanuel,0,0
Paul Palencia,0,0
Juan,0,0
ğ“›Ã³ğ“¹ğ“®ğ”ƒğŸ¥·ğŸ¼,0,0
Cristian Loaiza :),0,0
ramses,0,0
ğŸ‡¦ğŸ‡·Tadeo,0,0
Dani,0,0
Gh0$t,0,0
Alejo,0,0
6805935995440808966,0,0
sadith Visbal,0,0
JORMAN RAMIREZ ARIAS,0,0
ğ‘¨ğ’ğ’†ğ’‹ğ’‚ğ’ğ’…ğ’“ğ’,0,0
bvnjitaa,0,0
Daniel Loloy,0,0
Jefer Ortiz ğŸ‡¨ğŸ‡´,0,0
Jhonnys Ramirez,0,0
Bry!â›¹ğŸ»,0,0
Alejo,0,0
Ozkr,0,0
ğ”» ğ•© ğ•§ ğ•šğ•š ğ•• ğŸ£,0,0
ğŸ§–,0,0
Miguel BriceÃ±o,0,0
TomisZz,0,0
oscar_2702,0,0
Camilo Tuiran â›,0,0
ã€VNZã€ï¼¬ï¼µï¼£ÏŸï¼¦ï¼¥ï¼²äº—ğŸ¦,0,0
.,0,0
Emoro0,0,0
team negro,0,0
Sm_th<3,0,0
Alan Cabrera,0,0
Axel Gregor,0,0
alonso,0,0
alegmzz_7,0,0
ilianacsl,0,0
à¼ºLeÍ¥geÍ£nÍ«dà¼»,0,0
camilo perez,0,0
Yahir,0,0
ğŸ§‘â€ğŸ§’â€ğŸ§’ğŸ€rodrigo espinelğŸ€,0,0
julian_tacones,0,0
Kortex el MurcianoğŸ˜¼,0,0
ğ“šğ“ªğ“½ğ“±ğ“®ğ“»ğ“²ğ“·ğŸ§œâ€â™€ï¸,0,0
axiel199,0,0
piter,0,0
tomioka ğŸ‰â¤ï¸â€ğŸ”¥,0,0
Lucas,0,0
v2vashh,0,0
JordanYkL,0,0
.,0,0
GÃ³mez âœ¨ğŸŒ™,0,0
Galicia Israel Jesus,0,0
S,0,0
Charls Irbin InoÃ±an Grandez,0,0
ğŸâš”ï¸un tal gato Naranjaâš”ï¸ğŸ,0,0
@_santi17,0,0
panğŸ¥µ,0,0
JAIRXD,0,0
â˜†ğŸŒƒIts s4nti <3ğŸŒ‡â˜†,0,0
ğŸƒ,0,0
ğŸ’™aguanteğŸ’›boca ğŸ’™ğŸ¥”,0,0
AlexğŸ«©,0,0
No soy Joseph,0,0
Luis Barrero Osorio,0,0
Juan Steban,0,0
Roberto Acevedo Lopez,0,0
Dykrein,0,0
ğŸ“ Nana !!,0,0
Aaron ğŸ§,0,0
_Lancelot_(â—Â´âŒ“`â—),0,0
Angel Ruiz,0,0
insano_edits,0,0
Tchau,0,0
FeRhwhw,0,0
isaac cb,0,0
CHristian BamaCa,0,0
Mateo Rodas Pro,0,0
tu mama,0,0
Mnueo,0,0
Oscarin_âœŸ,0,0
ARIOC,0,0
RODNY_FK,0,0
Seerraaaa,0,0
Daigo,0,0
Santiagovalencia,0,0
David,0,0
Twitch.tv/nicosafa,0,0
_â„–âˆ…anonimoÃ†Â±>,0,0
â¤ğ•œğ•–ğ•£ğ•–ğ•Ÿ ğ•ğ•–ğ•£ğ•ğ•’ â¤,0,0
exotix77,0,0
Vico,0,0
Jean Marin,0,0
guilleğŸ’¥,0,0
klk,0,0
EthanğŸ˜Š,0,0
Tu papi,0,0
Franco,0,0
pycop20,0,0
ì•Œë ˆí•œë“œë¼ ğŸ©·,0,0
tu chico fiel cesitar â¤ï¸ğŸ¤­,0,0
danko.502,0,0
Juanii,0,0
ğŸ¥·RASKğŸ¥·,0,0
.,0,0
å¤œ êœ°Ê€á´€É´ ğŸ»â€â„ï¸,0,0
Urielabs_G20,0,0
GOKU,0,0
KendriğŸ‘º,0,0
Breins,0,0
pana_seba_420,0,0
mania,0,0
nashe,0,0
jhoswarrodriguez21,0,0
GuilleKrak â€ ,0,0
ğ“¯ğ“ªğ“«ğ“»ğ“²âšœï¸,0,0
thiago,0,0
Mr-pe07-503,0,0
chuyflores164,0,0
cha_f1,0,0
esteven.986,0,0
ğŸ¥¶Pipenaxtor ğŸ¥¶,0,0
rambo,0,0
ë§ˆí‹°ì•„ìŠ¤,0,0
South bronxğŸ‘º,0,0
copito el conejo,0,0
â„‘ Â³â¶â° ğ”¤ğ”¥ğ”ğ”«ğ”¡ğ”¦  âœï¸,0,0
Elmataabuelas,0,0
Dom_Pablo,0,0
sergio445,0,0
â¤ï¸Juan Estebanâ¤ï¸,0,0
Ncht,0,0
BAR,0,0
â˜„ï¸ğŸª,0,0
Dario Vasquez,0,0
Lauu,0,0
javieralbarracin475,0,0
Juan,0,0
Brandom,0,0
K3V1N,0,0
Samir Chaviel,0,0
Bryan Rodrigo,0,0
ThiagoMendez,0,0
tg_yeison,0,0
. â„±ğ“ªğ“ƒğ“½ğ’¶ğ“¼ğ“ å¤œ.,0,0
Erica Vivana Aristiz,0,0
Romario Te sigue,0,0
Felipe.,0,0
Oli_x,0,0
martin._edlp,0,0
ğŸ®SoyPampiXâŒ¨ï¸,0,0
sehğŸ˜®â€ğŸ’¨,0,0
kaile45,0,0
David Pineda,0,0
...,0,0
Alex Navarro,0,0
Juan â¤ï¸,0,0
Juan,0,0
Genny OrduZ,0,0
<jhonier>$!,0,0
ğ“†°jdmmzÂ ğ“†ª,0,0
josepxxtrğŸ’™,0,0
tulipanes,0,0
Alanâš¡ï¸,0,0
damian,0,0
AdrianğŸ„,0,0
Iben R,0,0
Juan,0,0
KAISER,0,0
erick_06,0,0
error.simpson,0,0
Dark_Queen,0,0
eduardosolano970,0,0
AleUwU,0,0
YoSoyTuTaitaa,0,0
Ãngel GuzmÃ¡n,0,0
rolex_g4,0,0
ram0N_0,0,0
Richixmc,0,0
Sombra,0,0
ï¸,0,0
âœ‡eduâœ‡,0,0
rodrigoalexissonc,0,0
juan B C,0,0
Nobody_ ğ“†©ğŸ‘‘ğŸª¶ğŸ’™ğ“†ª,0,0
Giann,0,0
NATANAELâ˜…Câ˜…,0,0
ğŸŒªï¸ğŸ§‘ğŸ»â€ğŸ¦¯.,0,0
sterben,0,0
Janeth_L ğŸ’—,0,0
~i~â™¡,0,0
osoeluber,0,0
Jose CH,0,0
XJust1nâ€¦â˜€ï¸,0,0
F3rl3y,0,0
Elver Galarga,0,0
Tiziano_edits,0,0
â™±,0,0
marverak,0,0
yisus,0,0
ï¸,0,0
said_Flores,0,0
Juan,0,0
Zoetony,0,0
cris,0,0
à¼»ğ“Šˆğ’†œluffy ğ’†œğ“Š‰à¼º,0,0
saul_.3.4ğŸ’¡,0,0
Santiago Texis,0,0
ELIAD,0,0
ğ“¢ğ“®ğ“«ğ“ªğ“¼  ğ“œğ“²ğ“®ğ“µğ“®ğ“¼,0,0
Felipe Alejandro Moo Dominguez,0,0
ï¸,0,0
messirve,0,0
JH4NSS.,0,0
me ğŸ—¿,0,0
kohaku_2130,0,0
ï¸,0,0
luzsyel,0,0
Francisco Rodriguez,0,0
KID-ã‚­ãƒƒãƒ‰-ğŸ“âœ¨,0,0
Benjamuller,0,0
Cristian C.,0,0
JP,0,0
MATIAS_XNğŸ§ƒğŸ“¿,0,0
Ì¶GÌ¶Ì¶aÌ¶Ì¶eÌ¶Ì¶lÌ¶Ì¶â„¢Ì¶,0,0
ethianejimenez,0,0
Quesito.ecu,0,0
Nick,0,0
brayan_snchz22,0,0
Jonatan Villazana,0,0
Sk8bastianå¤œ,0,0
Crisjar,0,0
reinaldo0971,0,0
Zix_Alexander,0,0
.Nicol4s.S,0,0
Ã‡RÄªSTÄªAN,0,0
Cristian Chia,0,0
Juan Datriex ğŸ¥ºğŸ˜—,0,0
vas a caer Ã±oÃ±ue,0,0
Rodrigo676o,0,0
JordiğŸ§¸,0,0
samuel_arceda,0,0
J\'uannâ†,0,0
el pro,0,0
ğŸ‘¾wasaaağŸ‘»,0,0
fran_âš¡,0,0
ValentÃ­n638,0,0
sisas,0,0
Samu:],0,0
santi,0,0
Keiner,0,0
Azael,0,0
ğŸ¯ê¹€ kim sianğŸ¯,0,0
BlackNinja 93,0,0
Denx ğŸ”¥,0,0
CHARLESğŸ©µ,0,0
ğ’‹ğ’ğ’‚ğ’„ğ’„ğ‘¶,0,0
Martin ZbarğŸ¹,0,0
Aein,0,0
Fabian_oficial,0,0
Felipao NarvÃ¡ez  ğŸ‡ªğŸ‡¨ğŸ‡²ğŸ‡½,0,0
ClownPierce,0,0
thomi__garzon__,0,0
victorino100k,0,0
An,0,0
MIGUEL MORALES,0,0
Zaja,0,0
NONAME,0,0
TheSefirot34,0,0
â˜„ï¸âš”ï¸RayitoğŸ€ğŸ£,0,0
Joel Rodrigues,0,0
ğŸ§‘â€ğŸ’»JimÃ©nez_Gomez:-YulisğŸ’,0,0
Medina,0,0
ï¸roble,0,0
Albert Herrera,0,0
MADfredo,0,0
A,0,0
"â•­â”€--á¬¼âƒ,Rizzleyğ„.ğ–¥” İ Ë–",0,0
Sonder_Yt,0,0
MarvinğŸ¦ˆğŸ‡µğŸ‡·,0,0
ğ“ªğ“µğ“®ğ”ğ“²ğ“¼ ğŸ«…ğŸ¼ğŸ“ğŸ•ºğŸ»,0,0
chucho_95,0,0
Fxxxx,0,0
nicolas,0,0
jp.rivasss,0,0
Madridâš¡ğŸ•¶â•,0,0
felix___sp,0,0
Juan Quintero,0,0
awitaMT,0,0
|ğ•¾ğ–Šğ–‡ğ–†ğ–˜_ğ•²ğ–Šğ–“ğ–Šğ–|,0,0
Kelly.Cruz.Garcia.14,0,0
EL DISTRAIDO,0,0
javv,0,0
nacho_v_diezyseis,0,0
Nico_Mz,0,0
DAMIÃN_JNRğŸ—¿â˜ ï¸,0,0
Ramossss,0,0
__cw__,0,0
Shatan,0,0
JXSUS7_ğŸ¦,0,0
Jesxs_rc,0,0
Robertomanfinfla,0,0
Daniel M.,0,0
H. Guzman. L,0,0
Yeiso,0,0
Anita,0,0
ğŸ¦œJeff.calixtoğŸ¦œ,0,0
Sebasâš¡,0,0
STOLAS,0,0
Adrian Salazar,0,0
Yeisson Rendon,0,0
MARTIN183$$,0,0
Tenshi,0,0
danxkxrst,0,0
kewinn,0,0
Juan J,0,0
@nicolassx.07ğŸ’¢ğŸ±,0,0
Rafa,0,0
Jhonatan Benitez380,0,0
jean,0,0
ê§à¼’â˜¬Ãâ‚³â‚¦Ğ‡ÄšÅâ˜¬à¼’ê§‚,0,0
Alecitto,0,0
DIEGO ESCOBARğŸŒ«,0,0
ï¸AleexğŸ¦â€ğŸ”¥,0,0
juanğŸ§ƒ,0,0
Diego?!,0,0
lucağŸ‡¦ğŸ‡·,0,0
Esguerra,0,0
AndersonÂ¥RicoğŸ›,0,0
ğŸ¥,0,0
Ultrainstintox21,0,0
gonza,0,0
fjac__,0,0
ğŸ¦‚ á‘•á—´á”•á—©á–‡ :) ğŸ§¸,0,0
Total Baulgrana,0,0
Alfredo Mendez,0,0
juan_ber100,0,0
TheAndy,0,0
c,0,0
ğŸ¥·ğŸ»,0,0
Giovani_Guevara,0,0
Emma282002,0,0
EVE,0,0
Brayanalexxis,0,0
Franco .,0,0
Braiss,0,0
juanvillalbaz,0,0
baselli adolfo,0,0
~â™¡~,0,0
Jaider Alzate,0,0
Ezee,0,0
SantiagoğŸ§Œ,0,0
Gatto Danny,0,0
David,0,0
Alan ..:(,0,0
LycanGX,0,0
@By.uriel3,0,0
Matt,0,0
CesxrrğŸª«,0,0
dante,0,0
ğŸ‡²ğŸ‡½YONIğŸ‡²ğŸ‡½ soy de chiapas,0,0
ğŸ’,0,0
ğ–™ğŸ’ğ—¸ êœ±á´˜á´€Ê€á´›á´€É´ ğŸ‘º,0,0
M,0,0
É´Î±Ğ½Ï…Ñ”lğŸ¦¦,0,0
lauramiauâš¡,0,0
jaddmnh,0,0
ï¸,0,0
"F.Farid,14",0,0
Ñ‚ÏƒĞ¼Î±Ñ•,0,0
ğŸŒŠOlağŸŒŠğŸŒŠ,0,0
Matias Sandoval,0,0
joseya_07,0,0
girmon,0,0
un random >_<#,0,0
sebas,0,0
ğ“” ğŸ¦¦,0,0
GamerD99,0,0
ignaa,0,0
R E N Z O ğŸ€,0,0
Le2chifon,0,0
Dilan,0,0
^Nickel,0,0
johan greve,0,0
Isaias NiÃ±o Rincon,0,0
PÍÍŸaÍÍŸrÍÍŸaÍÍŸnÍÍŸoÍÍŸiÍÍŸaÍÍŸ,0,0
Ğ’Ğ¾Ğ»Ğ¾Ğ´ÑğŸ’«,0,0
darioriccaa._,0,0
Kamoon_22ğŸŠ,0,0
juandaquiroga398,0,0
Reo editsğŸ˜›ğŸ¥µ,0,0
soza,0,0
pipe,0,0
Sangwooâ€™s version,0,0
xslowded,0,0
Ãğ“ƒğ‘”ğ‘’ğ“  ğ‘”ğ’¶ğ“‚ğ‘’ğ“‡   âˆ£âƒâŒ¿,0,0
SantiALH1409,0,0
JONATHAN,0,0
Ponce_mnc,0,0
æ©±regaloâœ“,0,0
kliche_10,0,0
natyzapatağŸ˜,0,0
ï¸Guzman,0,0
â—‡ã€ŠBySanã€‹â—‡,0,0
Edward,0,0
FX_ONE,0,0
TPS_Nagi,0,0
Tomas,0,0
elguardiaVzla,0,0
ğŸ…‚ğ¤ğ²ğŸğšğ¥ğ¥ğŸ¦¢,0,0
lautaro9,0,0
ğ”¾ğ•’ğ•“ğ• ğŸ’,0,0
Ariack,0,0
Alex,0,0
â™ ï¸pedro pasikâ™ ï¸,0,0
julian,0,0
Alexis ğŸ™‚,0,0
lokendoloco,0,0
Dad_buchÃ³n,0,0
Gabothx ğŸ˜ˆâ¤ï¸ğŸ˜›,0,0
Mario(=@qeeqdnnzndbdnndwnksksk,0,0
sebita,0,0
Kai,0,0
_ryanhaguirre0,0,0
Santi GonzÃ¡lez,0,0
daniel rodriguez,0,0
Fran,0,0
Barritoss,0,0
satoro,0,0
Emiliano,0,0
Aldito,0,0
leonatrdiowarriorğŸ,0,0
Wil_Taya,0,0
guadalupe,0,0
mia,0,0
Juan Manuel,0,0
Sgnti,0,0
Bayona Cesar,0,0
jairo_romero_c,0,0
çˆªä¹‡á—ªä¸¨å‡ å‚ğŸ˜©Â¡!.,0,0
keyner RodrÃ­guez,0,0
ByronOG@Alfralfret204,0,0
Ciro,0,0
Itachi uchiha,0,0
ğŸ‘½Solano AngelğŸ‘½,0,0
nd_memoo,0,0
jesusmnav05,0,0
cncownerâœ¨,0,0
Ayrton :],0,0
S...,0,0
jared&â‚¬,0,0
Andres +57,0,0
Bryan Araiza Escalera,0,0
âš¡ğŸ”¥ğ˜Šğ˜¢ğ˜´ğ˜µğ˜ªğ˜­ğ˜­ğ˜°ğ˜ğ˜·ğ˜¢ğ˜¯ğŸ’¯,0,0
ğ… ğ‘ ğ€ ğ(ğ¿)âš¡ï¸ğŸ©µ.,0,0
user22138548569,0,0
sergioruiz123,0,0
Aa,0,0
4LEJO,0,0
Soy_Cubo,0,0
GOKU BLACK FRASES,0,0
AndresR //-//,0,0
cenx cannario,0,0
jonny,0,0
juan,0,0
RenÃ© m,0,0
Ghost,0,0
sebasmoreno2380,0,0
Diego,0,0
Ross,0,0
al3xg4llo,0,0
soy-camilo_gamer,0,0
Uriel Flores7522874,0,0
mati_almoher,0,0
.,0,0
Lui,0,0
Belentuki,0,0
Estevan Losada,0,0
ğ“œğ“ªğ“½ğ“®ğ“¸ âš¡,0,0
drakke,0,0
NOTIFICACION,0,0
ğ–‘ğ–Šğ–”,0,0
...,0,0
Anixsa,0,0
van_,0,0
Mikiii,0,0
Jaasiel Tapia,0,0
nose13452,0,0
Veznicos,0,0
Scorpion_xd16,0,0
hasbleidymartinez7,0,0
Slow_N821,0,0
Alan GonzÃ¡lez,0,0
HugG,0,0
ItzLuci01,0,0
ğŸ˜¼ğŸ‘‘áµ‰áµˆáµ á´›Éªá´ Î².ğŸ¼ğŸ˜ƒ,0,0
Yamil VJğŸ¥€,0,0
Sombra,0,0
Mark,0,0
ã€â‚©illiamã€...,0,0
Pesa5047,0,0
HACKEsğŸŒŠ,0,0
arlechino,0,0
ğ‘ğ†ğ„ğƒğˆğ“ğ’,0,0
joandiel 2013,0,0
deividdf99,0,0
ğ“†°Manuel R ğ“†ª,0,0
ï¸texxx___6,0,0
MaKo_Play,0,0
BrynD,0,0
KIRILMANCHIK,0,0
Holapex9,0,0
jhoan..,0,0
ğ”ğ”²ğ”ğ”«ğ”£ğ”¢,0,0
hugooseoanee_,0,0
hector,0,0
puma gamer385,0,0
David,0,0
MiguelitoğŸ‘…,0,0
Lucazz,0,0
ğŸ’™ğŸµGranlorenah01,0,0
chev865,0,0
juliocosta322,0,0
yoichi isagi,0,0
jose,0,0
johaanâš¡,0,0
luismi8263,0,0
.__sandiiii,0,0
estebanaleman97,0,0
Cesar,0,0
itachi uchiha,0,0
Tomas,0,0
A.Câ¤ï¸ Alexander Cepeda,0,0
ÃƒÅÄ˜JÄ„Å‡ÄÅ˜Ã˜.Å.Å‡,0,0
Carlos ğŸª,0,0
jack,0,0
NICO,0,0
ï¼¸ï¼¨ï¼¡,0,0
jose,0,0
XXTENTACION,0,0
ï¸Benja.britos,0,0
julianvg,0,0
jerr_atl,0,0
Luciano,0,0
unwbonğŸ’¤,0,0
Edgar_041,0,0
Max,0,0
ğŸ‘¾[JAFET]ğŸ‘¾_#ART#,0,0
antonyjosue756,0,0
Pachin,0,0
Agusss,0,0
Yhon Garcia,0,0
LG,0,0
Nailys_NekoğŸ©·ğŸ’«ğŸ«¶ğŸ»,0,0
ï¸,0,0
yosef_parra15,0,0
Azul,0,0
Franign_11,0,0
joeprox,0,0
Marcelo Macias,0,0
JuanR3,0,0
Itz.xllllx,0,0
Joseluis MuesesğŸ¥–,0,0
ï¸eazy,0,0
Willbredle,0,0
ğŸ’¯ğŸ«‚fernandoâ™’ï¸âœï¸,0,0
Amazon,0,0
DiegoHdezğŸ‘€,0,0
Bucarey,0,0
Gael_edits,0,0
sofiaoviedo329,0,0
ê§à¼’â˜¬ğ“Ÿğ“®ğ“­ğ“»ğ“²ğ“·ğ“±ğ“¸â˜¬à¼’ê§‚,0,0
HarrisonğŸ¥·,0,0
nolosesoloexisto712,0,0
jass_04,0,0
juanpabl035064,0,0
ManuAmaTM,0,0
infante de marina 18/4,0,0
Juan mora,0,0
Gabimaru,0,0
toeze12,0,0
Juan_Stunt,0,0
emanuelesteban7,0,0
Papurri ğŸ—£ï¸ (Kei\'s versionğŸ’•),0,0
Javii-777$,0,0
ğ‘«ğ’‚ğ’ğ’Šğ’†ğ’ â˜ºï¸,0,0
ğŸ§€99de_tu_queso,0,0
â™ªjose Davidâ˜…â„,0,0
ivancho.43âœ“,0,0
el_alan538 de kion ğŸœ,0,0
ğŸ–¤ğŸ‡§ğŸ‡·âœ¨Kerit_Bernalâœ¨ğŸ‡»ğŸ‡ªğŸ–¤,0,0
mirko,0,0
Diego Alejandro,0,0
agoar4,0,0
Oswaldo,0,0
Alex,0,0
à¼€á•á¬á´á‚á¦á¿á¡²á‚áœ¬à¼€,0,0
ğŸ¦â€ğŸ”¥Ronnie,0,0
el perdo,0,0
GOKU;),0,0
Juan.P,0,0
ERICK ğŸª¬,0,0
parra,0,0
Dylan Noscue,0,0
Nico,0,0
â„¢â”‡ğ„á áŒâš¡ï¸,0,0
Canguro_YT ğŸ¦˜,0,0
Cristopher,0,0
roblinestudio,0,0
Anthony ğŸ‘‘,0,0
Yusepe,0,0
T4N0,0,0
ğŸ’¥ğŸ˜‹ğ‘’ğ‘™ğ‘–ğ‘œğ‘›ğ‘’ğ‘Ÿ ğŸ’ŒğŸ’«,0,0
Samuel el crakc,0,0
ã®Gojo,0,0
Steven,0,0
DANIEL CHAPARRO ğŸ’”â¤ï¸â€ğŸ©¹âš½,0,0
ianC012ğŸ,0,0
ï¼ªï½ï½“ï½‰ï½ï½ï½’   â»çœŸ,0,0
Carlos Moreno,0,0
SMOKER117,0,0
mante_quilla7ce,0,0
Gabo ğŸª,0,0
facundo__tk,0,0
â™›â‚·á´€É´Ñ‚Éªá´€É¢ÏƒğŸ€„ğŸ‰ğŸ”¥,0,0
miguel,0,0
â‘¦ â‘¦,0,0
scorpion,0,0
ALEXANDER,0,0
Random,0,0
à»ˆà»ˆà»ˆà»ˆà»ˆ,0,0
fernandotld2,0,0
1.andrew7,0,0
mateo.uis,0,0
DalfredoğŸ‡¨ğŸ‡´,0,0
R.O.B,0,0
mango,0,0
Eduardo R Morales,0,0
Abdiel,0,0
NÃ©stor Carvajal,0,0
diegogaleotti833,0,0
DOCTOMER,0,0
Jarel,0,0
Bots,0,0
el_citto,0,0
.,0,0
Alejan):)ğŸ‘¾,0,0
WhidÃ¡x Kaelin,0,0
Yerar Garcia308,0,0
Palacios,0,0
ğŸ‘€ğŸ”¥ğŸ—£,0,0
ï¸,0,0
Pablo Cappa,0,0
Roblox Goy@,0,0
M10.EDITS,0,0
ğŸ‘‘CabrerağŸ‘‘,0,0
Martinez guzman,0,0
juliandavidmorale0,0,0
Sebass,0,0
AlfredoğŸ’«ğŸ€,0,0
santxago_.07,0,0
Gomzxz_,0,0
Sheyy ğŸ‰,0,0
Emmanuel,0,0
XCuero.ğŸ¦–,0,0
Gus,0,0
deiverperez999,0,0
Alejandro,0,0
$â­âœ¨_angel_âœ¨â­$,0,0
ğ•»ğ–†ğ–‡ğ–‘ğ–”âœ ,0,0
Diego Chavarro858,0,0
WTF,0,0
AndrÃ©s Felipe,0,0
Leiber Titor,0,0
â•š> KEVIN_ï¼¹TğŸ”¹,0,0
Alonsodeidad,0,0
AlfredoZenil13,0,0
Rodr1_zinxs0,0,0
DaliiiğŸŒŠ,0,0
ğŸ’«MontaÃ±itaâœ¨PÃ©rezğŸ’«,0,0
JELGOKU,0,0
Maicol Zamudio,0,0
DENIS,0,0
LuisğŸ¦è·¯æ˜“æ–¯Â·éƒ‘,0,0
Juan Reyes,0,0
yhared,0,0
matixp,0,0
EMMANUEL ğŸ™‡ğŸ™,0,0
BOLYA,0,0
tls_tsdğŸ’«â³ï¸,0,0
ğŸ¦‡estibenğŸ¦‡,0,0
Fel!xz       !,0,0
ANDREYCORDERO28,0,0
â™¤,0,0
Juangabriel PÃ©rez PÃ©,0,0
GATO,0,0
ell._.Ãvila._,0,0
betancurt,0,0
<Â°Â°>GHOST<Â°Â°>,0,0
charlievibeees,0,0
Crisanto Rafael,0,0
Reynaldo,0,0
Isai Capacho,0,0
Kaka,0,0
glizzy_style,0,0
Alonsom2207,0,0
SORU_RBLX,0,0
Johan,0,0
kagmv.,0,0
Brayan â¤ï¸â€ğŸ”¥,0,0
Davidblasz!,0,0
josuecy,0,0
GOLDO,0,0
~Guillermo Pech~,0,0
Santi ğŸ˜œ,0,0
BABIT,0,0
empanadita,0,0
OsÏ‰aâ„“d,0,0
Maximiliano,0,0
FrancisTrinity,0,0
Kevinst,0,0
âš™ï¸ğŸŸ¡ğ•¤ğ•–ğ•£ğ•’ğ•¡ğ•™ğ•šğ•”ğŸŸ¡âš™ï¸/1Sx67,0,0
nacho,0,0
SebastiÃ¡n LÃ³pez,0,0
quinterrog019,0,0
(^-^)ğŸª»AzureğŸª»ï¼ˆï¼¾Î½ï¼¾ï¼‰,0,0
dani,0,0
*                            *,0,0
EDINSONğŸ’¯,0,0
@FranciscoJV_0408,0,0
"1,ğŸ«¥",0,0
mini sonic297431,0,0
CHISHIYA,0,0
Salvador padilla,0,0
Kraster,0,0
Camiloo cl,0,0
Efren Akinson,0,0
joseoliva_2026,0,0
Miqueas,0,0
Cris Thi,0,0
AndrÃ©s,0,0
ItsMrSheep,0,0
Willixmm_,0,0
Juan41903,0,0
santi10,0,0
AndrÃ©s_20,0,0
âœï¸ğŸŒ¹Zuleâ˜¯ï¸ğŸŒ¹âœï¸,0,0
YoJhoao,0,0
Ray,0,0
@_Xande3â­ğŸ‘¾,0,0
J0rxx,0,0
davidsito,0,0
ErandyanYe ğŸ…´,0,0
ferco218,0,0
ğŸª¬ğŸ’¸Lucesito MorağŸ’¸ğŸª¬,0,0
Cristian QuiÃ±onez ğŸ§’ğŸ»,0,0
goaku ğŸ€ğŸ©µ,0,0
ğ•­ğ–Šğ–ğ–†ğ–—ğ–†ğ–“ğ–” ğ•¬ğ–‘ ğŸ’¸,0,0
Luz Mery Padilla Julio,0,0
misterio,0,0
calvo,0,0
MK_ANDR3$16,0,0
Eduar JimÃ©nez âœŸ,0,0
Yan Morales,0,0
á´…Éªá´‡áÖŸáÖŸÉ¢á´,0,0
franğŸ‘¿ğŸ˜,0,0
esteban,0,0
pekeğŸ’«,0,0
MatÃ­as ar,0,0
tsb PRKâš¡ğŸ€,0,0
gael_joya_,0,0
â˜…å½¡[Hornet]å½¡â˜…,0,0
Hector,0,0
scx.ks,0,0
Matthew,0,0
Salchipapa,0,0
JosuÃ©,0,0
soy del tin negro,0,0
zKr4zy,0,0
samuel_2097,0,0
mr.patito.2.0,0,0
LEINERCITOğŸ˜,0,0
James,0,0
Raulxzz,0,0
_javierfgğŸ¤ ,0,0
rodriguez sv,0,0
salchipapa,0,0
ğŸ‘‘ğ•½ğ•°ğ–„ğŸ‘‘,0,0
Allan,0,0
ï¸,0,0
Gasbook,0,0
JHOSTIN,0,0
Axel ronnald Diaz,0,0
feredico,0,0
XD,0,0
ï¸,0,0
blox fruits ğŸˆ,0,0
_S4ntiagox7,0,0
xfkkzz,0,0
Sauro,0,0
Mçˆ±,0,0
âœ¨fue un gusto conocerteğŸŒ¹,0,0
Bruno,0,0
Mr_JT11,0,0
DIEGOMATIAS MONTELLO,0,0
the_papurriss,0,0
salchichağŸŒ­ninjağŸ¥·,0,0
super holağŸ˜,0,0
no se que poner,0,0
Oscar,0,0
maximilianojosuet,0,0
ï¸ â€‚ Â  ï¸ ï¸ â€‚ ï¸ â€‚ â€‚ Â  ï¸ ï¸.,0,0
juanse,0,0
edwinher271,0,0
Herrera,0,0
Spigergut8,0,0
WAZI_XD,0,0
josxx_fdâ˜¯,0,0
Kmilin,0,0
Juan Rojas,0,0
Brendalyâ™¡,0,0
GameandoAndo,0,0
Sxntii,0,0
celesteee,0,0
tomiokağŸŒŠğŸŒŠ,0,0
David Moreno,0,0
calitos,0,0
Juan camilo,0,0
ï¸SantyğŸ‚ğŸƒ,0,0
sc,0,0
â«·â˜¬Ö†ÊŠÉ® ÊÉ›Ê€Ö…â˜¬â«¸,0,0
Eker,0,0
[Lyy1903],0,0
nose,0,0
Gael,0,0
@ğ™š ğ“‚ƒ ğ’ae   â€” â™¡:â—Ÿ âŠ¹,0,0
Carlos,0,0
ğŸ¦â¬œğŸŸ©â¬›UPPEXğŸ‡«ğŸ‡®ğŸ‡­ğŸ‡ºğŸ‡§ğŸ‡¬7\\Â³â·,0,0
Antoniomp12,0,0
mathiasx_dâ–•âƒâƒ¤,0,0
Emmanuel ğŸ¥·,0,0
Abdiel Reynaga saldaÃ±a,0,0
á‹ğ’‰á¬á¥áµğ’€ negroğ’€±ğ’«ğ’‡«ğ’€±ğ’€±ğ’‡«ğ’‡«ğ’‡«,0,0
Jordxnxr777,0,0
JAVIPRO ğŸ’­ğŸ®,0,0
Maxi ve videos,0,0
ï¸ ï¸ ï¸ ï¸ ï¸,0,0
CLX- 1998ğŸ”´ğŸ”µğŸ›£ï¸,0,0
jesus,0,0
itz. cesz,0,0
Renzo,0,0
ãƒŸâ˜…â‹†Ëšğ˜«ğ˜¦ğ˜³ğ˜¦ğ˜®ğ˜ªğ˜¢ğ˜´Ëšâ‹†â˜…å½¡,0,0
ğŸªğŸ¤brayanmendoza7024,0,0
Lauti_trades,0,0
.,0,0
AlessandroğŸ‘¾,0,0
Emanuel GarcÃ­a 1%,0,0
JuandağŸ¤µğŸ¾,0,0
Synez.zâ˜¾,0,0
yibianaquintero,0,0
Santiago,0,0
Juan_angaritağŸ‡µğŸ‡¹ğŸ‡µğŸ‡¹âš½âš½,0,0
Rosales.06,0,0
Mazapanxc,0,0
vendo y tradeo brainrots,0,0
Arssan09,0,0
Julian,0,0
%,0,0
ğ’¥ğ’°ğ’œğ’© ğŸ¦¥,0,0
octa,0,0
ğŸ‘»ğŸ’«lucasğŸ’«ğŸ‘»,0,0
â¤ï¸â€ğŸ©¹,0,0
angel ğŸ˜,0,0
badnz,0,0
owent,0,0
RodriGDğŸ‡¨ğŸ‡´,0,0
ï¸â™¡ğŸ¥›ğŸªÂ° â€¢ğ—¦ğ•–Ğ²Ã¡ğ–˜â€¢Â°ğŸªğŸ¥›â™¡,0,0
ï¸ ğ˜¾ğ™ğ™„ğ™ğ™ğ™„ğ˜¼ğ™‰ğŸ‡¨ğŸ‡´,0,0
T.O.R.OğŸğŸ¥,0,0
ğŸ§Š Ø£ÙˆØ³ÙƒØ§Ø±,0,0
GHEVANNITO ğŸ„ğŸ„ğŸ,0,0
EL MAESTRO 2,0,0
el huevo derech de Alexis ness,0,0
ï¸ã€€âŸã€€âŸâŸï¸ã€€âŸã€€âŸâŸï¸ã€€âŸã€€âŸâŸï¸,0,0
Derek,0,0
ï¸,0,0
luciano__1891,0,0
Dark_Dreamerop,0,0
ADRIAN ï£¿ğŸ’¸,0,0
tcsxaxelğŸ‡²ğŸ‡½,0,0
diego12349,0,0
denisalexandergon6,0,0
0_hjush,0,0
Trollix232,0,0
ğ‘°ğ’•ğ’›\' ğ““ğ“œğ“’,0,0
Vip_Capibara D,0,0
Camilo Art,0,0
Dominick9010,0,0
roberto,0,0
Marlon ğŸ–¤ğŸ¥·ğŸ“,0,0
X I N B A L  B I K E Râ˜ ï¸ğŸ‘¹,0,0
GeoğŸ€,0,0
Santiago,0,0
noo,0,0
gato finoğŸ‘Œ,0,0
xdzonarobloxiano,0,0
SAENZX,0,0
w,0,0
Steven,0,0
ğ•µğ–šğ–†ğ–“ ğ•¯ğ–†ğ–›ğ–ğ–‰,0,0
martin trujillo martinez,0,0
Dark hole 847,0,0
eddie,0,0
ğ•›ğ•–ğ•£ğ• ğŸšğŸš,0,0
Sug ğŸ¥,0,0
matrixwo,0,0
NIKITA_,0,0
ğ•µğ”¢ğ”¯ğ”¢âª©,0,0
ğŸ–ï¸ ğ“ğ“²ğ“¬ğ“¸ğ“µ ğŸ–ï¸,0,0
yomar,0,0
Farlin_RDğŸ‡©ğŸ‡´ğŸ‡©ğŸ‡´,0,0
ğ“–ğ“¸ğ“¶ğ“®ğ”ƒ ğŸ¦¦!,0,0
DIVINOÂ©Â®â„¢,0,0
Faraxx,0,0
Berni,0,0
Red_te_explica!!,0,0
Tade05,0,0
SantiagoğŸƒ,0,0
ZETA ğŸ—¿,0,0
Gokugamer1234,0,0
j_motivation,0,0
J,0,0
ğŸ’­,0,0
BRAYAN AGUDELO,0,0
EL PALOMERO,0,0
alfredo_67808,0,0
ğ•µğ–ğ–”ğ–˜ğ–Šğ–“ ğ•¸,0,0
incÃ³gnito,0,0
ğŸ•¯à¼»ğ“Šˆğ’†œCARLOS  ğ’†œğ“Š‰à¼ºğŸ“å†‡,0,0
Railo_histories_alexağŸ”¥â¤ï¸â€ğŸ”¥,0,0
ğŸ’šğŸ’›ğ•¶ğ•¬ğ•½ğ•´ğ•¹ğŸ’›ğŸ’š,0,0
Rayo Gamer,0,0
ALAN,0,0
%RğŸ¦â€ğŸ”¥,0,0
erickjavierfdzhdz,0,0
Igna_L13,0,0
jota,0,0
erick m\'m,0,0
14.liamm,0,0
âµâ· Juan,0,0
ğŸ’œğ•­ğ–†ğ–ğ– ğ–ˆğ–”ğ–—ğ–”ğ–“ğ–†ğŸ­,0,0
David BenÃ­tez ğŸ”¥,0,0
.,0,0
Calderon,0,0
ğŸ‘»DmtleğŸ‘»,0,0
Cristianâš¡,0,0
Robloxiano,0,0
Ema,0,0
hugitomati,0,0
alex,0,0
juangg,0,0
AÉ´É¢á´‡ÊŸ,0,0
Zafkiel,0,0
nose,0,0
Eric C.,0,0
lichaa,0,0
â€¢,0,0
chriscaz02,0,0
Matias,0,0
TheJampi_,0,0
Oliver,0,0
rnajarro,0,0
yanpol,0,0
tajadafrita,0,0
JooshuaağŸ˜,0,0
â™ Juan Davidâ™ ,0,0
jose,0,0
ğŸ’¤AlexğŸ’¤,0,0
ğŸ”¥DANNYğŸ”¥,0,0
_keyller70,0,0
taniiia â¤ï¸â€ğŸ”¥ğŸ¥€,0,0
@AshlyğŸ’œ,0,0
ğŸ˜gregorioğŸ˜,0,0
Uri,0,0
SebastiÃ¡n Avellaneda,0,0
ï¸ï¸ï¸ï¸ï¸ï¸ 0iokmz,0,0
Bad_Gneâ„ï¸,0,0
xd,0,0
Rang_\'Z,0,0
Jason,0,0
agu_3108,0,0
IsaacVilla,0,0
julian Madrid,0,0
ELÃ˜XZzZ...,0,0
ğ’‰­ï¸ Rafaa ğ’‰­.             æ„›,0,0
gus,0,0
ğ“²ğ“µ_ğ“«ğ“®ğ“·ğ“³ğ“ª,0,0
Ethan Gaming,0,0
cuak ğŸ¦†,0,0
elextraÃ±odelacuadra32404820292,0,0
ğŸ˜¶â€ğŸŒ«ï¸ğŸ˜¶â€ğŸŒ«ï¸....,0,0
beniciofranco2,0,0
Toro31054,0,0
ğ•¹ğ–†ğ–Œğ– ğ–•ğ–—ğ–ğ–“ğ–ˆğ–ŠğŸ‘‘,0,0
user5517561835816,0,0
Matias mp,0,0
â˜…,0,0
sin nombre,0,0
ğ“‘ğ“»ğ“¸ğ“´ğ“®ğ“· ğ“—ğ“®ğ“ªğ“»ğ“½â™¡,0,0
Erik Finger,0,0
JBğŸœï¸,0,0
alex-â˜†â˜†l,0,0
k_A.ğŸ´ğŸ–Œï¸,0,0
Jefrey Gamboa,0,0
Piroxx,0,0
& Omar $ğŸ’¢ğŸ§ ğŸ‡ªğŸ‡¨ğŸ¥·,0,0
â—AB_ uciğŸ‘»ğŸ·ğŸ‘¹,0,0
Un random,0,0
rulasâ¤ï¸â¤ï¸,0,0
Abdiel Alexander,0,0
anderpool_SW,0,0
santiago,0,0
NIXON18376,0,0
TEAM NEGRO,0,0
Jared.,0,0
hater 20,0,0
lucaa,0,0
Tonio,0,0
NATHAN 100,0,0
ğ“‚€ğ–’ğŸ€ğŸ¥,0,0
MatÃ­asâœ¨,0,0
REY OTAKU,0,0
Pablito de los Backyardigans,0,0
MinexEnd,0,0
TOAA,0,0
Ezequiel ğŸ«©,0,0
æˆ‘æ˜¯æœ€æ£’çš„,0,0
Marcos Peres Arguedas,0,0
alansauofficial,0,0
Andres ï£¿,0,0
B L A C KğŸ¥·ğŸ½,0,0
santiago,0,0
Victor,0,0
âš¡,0,0
carmo,0,0
tatii,0,0
...,0,0
Andy,0,0
Aranza.MH,0,0
catorce-fausto,0,0
ğ™•ğ™®ğ™§ğ™¤ğ™£,0,0
Nelson Vargas corcho,0,0
Emil josiasğŸ£ğŸ£ğŸ£,0,0
Garfias,0,0
SamuğŸ˜,0,0
Lyfero detonado,0,0
Jose Zadkiel ğŸ”¥,0,0
yep1234,0,0
ï¸NDO\'RğŸŒ¹,0,0
â– â™¤Don_PeÃ±itaâ™¤â– ,0,0
Â§âœ“Shuliganâœ“Â§,0,0
Zlx,0,0
julio102030,0,0
ğŸ’¤,0,0
Caleb,0,0
d_carrillo235,0,0
0rdazzzğŸ§,0,0
rulo,0,0
Bradly,0,0
Ghustuds âœ¨,0,0
Daniel,0,0
GÃ³mez å¤œ,0,0
Albert Brizuela ğŸ”¥ğŸ–¤,0,0
ticoni pvp 777,0,0
.,0,0
Maxi,0,0
sâ‚¬bas Jâ‚±â˜…,0,0
MANOLO,0,0
Yoyo,0,0
symonsmm1,0,0
Thigx_01,0,0
osmaydaniel,0,0
â¹juanpablito(:â¹,0,0
americanista Alex,0,0
Vanegas .ğ“¡,0,0
Ruben Arellano,0,0
crafman,0,0
angel._.âœ“ <3,0,0
ğŒğğ¥ğ¢ğŸ¤,0,0
team Goku black,0,0
Act7,0,0
Lyfero ğŸ’,0,0
Vixxo ğŸ˜ğŸ’,0,0
brazo de 45ğŸ—£ï¸ğŸ”¥,0,0
BenjamÃ­n solano,0,0
Gun,0,0
PJ,0,0
Stiven_2832,0,0
noah,0,0
JoaquÃ­n RodrÃ­guez,0,0
ğ•²ğ–Šğ–—ğ–†ğ–—ğ–‰ ğ–ˆğ–†ğ–‘ğ–†,0,0
samu$$,0,0
JoelğŸ¤ªğŸ’™ğŸ’›ğŸ’™,0,0
ğ““ğ“²ğ“µğ“ªğ“· ğŸ¦…,0,0
mikymada,0,0
rodrigo,0,0
Kenra,0,0
rodri2013,0,0
ğ•±ğ–†ğ–—ğ–ğ–†ğ–˜,0,0
JhosuaNieves,0,0
fan de hk,0,0
OSCAR C.A.,0,0
Hytale â€¢ Oliver,0,0
kvnn,0,0
angel,0,0
El MikeğŸ˜,0,0
Guillermo Adasme,0,0
RexiSaw,0,0
tadeo,0,0
...,0,0
NoLoSe._.,0,0
Mateo ğŸ¤ª,0,0
El papucho de latamğŸ˜ˆ,0,0
Ega Raiga,0,0
benjagiordana,0,0
wiliamcito,0,0
yoyoyoyyoo,0,0
Junior Jimenez,0,0
john jairo,0,0
Mk._471ker,0,0
$Broken$ :),0,0
ëª¨ãƒ¡ëª¨ãƒ¡ğŸ–¤ğŸ‡»ğŸ‡ªAlejandro ğŸ‡»ğŸ‡ªğŸ–¤ãƒ¡ëª¨ãƒ¡ëª¨,0,0
Mk1llxz,0,0
bautiii,0,0
Arnol,0,0
ğŸ‚´â™•â€ ï¼ªï¼¯ï¼®ğŸ’ï¼´ï¼¨ğŸ’ï¼®â€ âœ“Â®ğ“€¡â˜­ğŸ˜¹ğŸ‘»ğŸ¥·ê›•Í²,0,0
francogami,0,0
Jaasiel,0,0
ssmu.xks,0,0
Beiker Isaces,0,0
Juan,0,0
DanielCuervoJaramillo,0,0
sebas,0,0
MarcosğŸ™€ğŸ™€,0,0
KAIN_STRIKE,0,0
MCâ€¢SilvÃ¡n ï£¿,0,0
Sr_Vz,0,0
â™°,0,0
Javier777,0,0
ğŸ™ï¸ CAT R ğŸ™ï¸,0,0
ivan cuartas,0,0
ACRNGL LINX 1495-1879,0,0
ian_sg.ok,0,0
ï¸Alexis,0,0
Cristopher lopez,0,0
ğŸ‡²ğŸ‡½el_uriasğŸ‡²ğŸ‡½,0,0
ğŸ‘‘ğŸ©¸KRIKOğŸ©¸ğŸ‘‘...,0,0
el alex,0,0
papiloti,0,0
BENJIIIğŸ¥,0,0
Samuel Ortiz,0,0
Senku,0,0
Ax06_15âšªï¸ğŸ”µ,0,0
DreX ğŸ”,0,0
Rexchiquito,0,0
âœ¨Yuki.Nozomi.,0,0
rosa Isela,0,0
Marino Narvaez gutierrez,0,0
Tizi,0,0
ğŸ§Œ,0,0
user827200536,0,0
Felipe100452,0,0
Esteban lizarazo,0,0
Jeremaia2012,0,0
ZoelAre2,0,0
æ„›,0,0
TitoGilGiron,0,0
team camaras,0,0
Rey Blood ğŸ‘¹ğŸ’œ,0,0
ëª¨ğ“Šˆğ’¥ğ“Šğ“ğ’¾ğ’¶ğ“ƒğ“Š‰áµ¡á·¼áµ¡,0,0
Aldair,0,0
FredyCh,0,0
Sergio Prada,0,0
JonÃ¡s RACHA,0,0
PANESSOARTZğŸï¸ğŸš˜ğŸš— . Siguiendo,0,0
Gael GarcÃ­a jaker23.doplepe,0,0
elcaldosdepollo,0,0
thingol,0,0
esuardo casanova,0,0
Keren,0,0
0_0,0,0
los.gatitos,0,0
Juanito,0,0
luis &&&#,0,0
rodriğŸ”,0,0
Jhon GoodğŸ”¥,0,0
Eliner Amado,0,0
Jhosuad,0,0
juanxlqbmzn,0,0
jaiderpo,0,0
Emmanuel,0,0
JukitoMC,0,0
kokeğŸ§¤âš½,0,0
el jacket negro,0,0
cuzcanito:),0,0
ğŸ–ï¸ ğ“œğ“ªğ“³ğ“¸ ğŸ–ï¸,0,0
oni chan,0,0
â¤ï¸ğŸ’™CristopheRğŸ’™â¤ï¸,0,0
Dainner,0,0
OchoağŸ«¡,0,0
Tacosdebirria,0,0
El waza_2.0,0,0
Victor Fabian ğŸ®ğŸ®,0,0
ğ“‚€ğ•ğ•šğ•¥ğ“‚€,0,0
el detona amigos,0,0
áŸšâ˜¥ÕµÖ…à¸£Õ½â˜¥âœ§ğŸ™‡â€â™‚ï¸,0,0
Jorgecb67ğŸ˜¶â€ğŸŒ«ï¸,0,0
Juanes,0,0
xxjuan._. zzğŸ£,0,0
alejandro Meyer,0,0
menÃ¸r,0,0
Endernell Arteaga,0,0
Uka,0,0
julio cesar,0,0
â˜ ï¸V4MPğŸ«¡,0,0
ï¸Gael,0,0
Hian,0,0
ğŸ‘»ğŸ‘º,0,0
ğ¸ğ‘£ğ‘€ğ‘§,0,0
Mango_elblockmangoğŸ¥€,0,0
chicken gun,0,0
Aguasanta Oficial,0,0
israel_gxz,0,0
juan_paezâ˜ğŸ‘‘,0,0
Yesid Padilla,0,0
angello1290,0,0
Poro,0,0
Adrian Grijalba,0,0
â€œ),0,0
fabi roblex xd,0,0
Kevin plaza,0,0
FINO SEÃ‘ORES ğŸ·ğŸ§,0,0
à»ˆLi Miyashiro,0,0
X   ANUBIS ğŸ‡©ğŸ‡´,0,0
Estiben LÃ³pez,0,0
Matias ğŸ¤™ğŸ»ğŸ‘»,0,0
ğ•ğ•šğ•’ğ•£ğ• âœ,0,0
ğ˜¿ğ™ğ™€ğ˜¾ğ™Šğ™‰ğ™„ğ™“-ğ™“ğ™•,0,0
Alan,0,0
godek(retired),0,0
Rin itochi,0,0
tean negro,0,0
Fantasma,0,0
Dani,0,0
goku,0,0
á¡•á µá Šá¡ƒà»ˆà¡šà ¢à ˜â¸à»ˆà ¡á Šß¯á¡à £à ˜á Šá Šà ¢à ˜æ°”äº ,0,0
goku,0,0
XKâ„¢|Phonk,0,0
Ginna Martinez,0,0
Dream7788_yt,0,0
mate el insano777,0,0
Tony1891,0,0
danisaurio2,0,0
johan0599_yt,0,0
bastian,0,0
ï¸elchuy,0,0
Reypro975ğŸ˜,0,0
MojicağŸ¥´,0,0
seba12,0,0
Ikersaso,0,0
Crecko39 âœ¯,0,0
posho,0,0
ğŸ€ ositağŸ˜˜,0,0
BLACKDEMON,0,0
gubbyxd,0,0
paciente_0,0,0
Tyson pettigrewğŸï¸ğŸ’¨,0,0
Andrey,0,0
when eres maiky :v,0,0
JOSE MIGUEL QUINTERO GARCIA,0,0
Alexander Miranda 12,0,0
jonas acosta,0,0
Tamal,0,0
â˜…COCOâ˜…,0,0
i AM | SEBAS T_T,0,0
singu,0,0
hola soy leÃ³n ğŸ¦,0,0
Kervin Hernandez,0,0
Arroz,0,0
Depalitos,0,0
Angel,0,0
Miguel ğŸ’—â¤ï¸â€ğŸ©¹,0,0
Oliver Trujillo,0,0
DANI,0,0
@3,0,0
Alejandro De la Cruz JimÃ©nez,0,0
JesÃºs JoaquÃ­n Vera,0,0
Juca,0,0
Gæ„›,0,0
MURCIAğŸ‘‘âš½ğŸ‡§ğŸ‡·,0,0
aldamira,0,0
Luchoo,0,0
Gael NÃºÃ±ez,0,0
nagireo_holaaaaaa,0,0
el pro,0,0
Caleb pro,0,0
Teddygamingboy,0,0
Jesus ğŸ•·ï¸ğŸ•¸ï¸ğŸ•·ï¸,0,0
ğ–Œğ–”ğ–‰,0,0
Jenke,0,0
Failure,0,0
@Jos^^,0,0
alexchvz.1,0,0
LÂ£Ï€!Â§_[âˆ†],0,0
LEYTONVALLEJOS,0,0
buscando chamba de actor porno,0,0
ï¸Juan Ruiz,0,0
J4H1R.,0,0
Ivan Gamer,0,0
el destino,0,0
Copito1ro,0,0
Manuel,0,0
Marlon,0,0
Arkedwav,0,0
TSI,0,0
cristopher,0,0
Tad3o,0,0
ğ–¨†,0,0
Dante,0,0
edriancg,0,0
@juanmoran290,0,0
EğŸ€ğŸ‡ªğŸ‡¨,0,0
CARVAJAL.,0,0
JESÃšS HERNÃNDEZ ğŸšœğŸšœ,0,0
Edwin Axel Fraire Garsia @@@,0,0
Leo,0,0
ğŸŒğŸ¾,0,0
edgar,0,0
à»ˆ,0,0
ManguitoQuerido,0,0
ğŸFabianedits505ğŸ¦–,0,0
leo,0,0
Santi,0,0
RafağŸ‘€,0,0
Damianzizx,0,0
ğ‘­ğ’“ğ’‚ğ’ğ’„ğ’ğ‘µğ’‚ğ’ğ’ğŸğŸâš¡,0,0
joseph mas cafe\'â˜•ï¸,0,0
loux,0,0
pedroza,0,0
Aaron 10,0,0
bloodsito,0,0
ğŸ¦ˆMati#sğŸ¦ˆ,0,0
crissss,0,0
adicto_al_forzaken,0,0
ãƒ¡Â§  N  ARAUJO  ğŸ©¸ğŸ€,0,0
maxi8ğŸ—£ğŸ’¤,0,0
itz sanxtiğŸ‘‘,0,0
Edwin (a) Mendez,0,0
ElEspantaAbuelas3000,0,0
CAPIBARA,0,0
á´á´‡ÊŸÊŸÉªá´¢á´â™,0,0
ï¸Yeppy,0,0
H3 jone,0,0
YER,0,0
Oreo,0,0
chris benoit,0,0
â˜…~Jack~â˜…,0,0
samuel durango,0,0
AntoniC_7,0,0
David Corredor,0,0
Jose_cr7,0,0
Julio mor,0,0
ï¸,0,0
ğŸ¥¶ğŸ‘€ğŸ”¥,0,0
Bruno_712,0,0
DARIO BOLAÃ‘OS,0,0
Axel,0,0
âš ï¸,0,0
Soysak,0,0
~ã€Š.ã€‹â˜†ÂºYÃ¸uÂºâ˜†ã€Š.ã€‹~,0,0
ğŸ¦‡,0,0
J0$UE_ ZK&,0,0
Daniel Cruz,0,0
pixulalarga,0,0
âœï¸ğ™ğ—®ğ—»ğ˜ğ—¶ğŸª¡ğŸ–¤,0,0
chucho,0,0
ğ’œğ“ƒâ„Šâ„¯ğ“â™¤,0,0
_FabixnMt_,0,0
Alex modzğŸ—¿,0,0
ğ–ğ–Šğ–—ğ–Šğ–’ğ– ğ–‹ğ–—ğ–†ğ–“ğ–ˆğ–”âšœï¸,0,0
Lenin fabiÃ¡n madrid ğŸ‡ªğŸ‡¸ğŸ—£ğŸ‡µğŸ‡ª,0,0
Mrtnz,0,0
Ã…lejandrÃ¸,0,0
YohanderğŸ¥·ğŸ¼ğŸ–¤,0,0
roba.un.brainrot.legal,0,0
Kevin Izaguirre,0,0
Sanllie21,0,0
Ronny Ricardo,0,0
hola,0,0
m\'iguel,0,0
ï¸ğŸ¦¦,0,0
GABO.COM,0,0
GALBA24,0,0
Santy Gigenadiaz,0,0
Luisa Fernanda â™¡,0,0
Trussbi,0,0
Sergio Rolon,0,0
ğŸ‡§ğŸ‡·,0,0
Erick MğŸ£,0,0
fan de todos,0,0
jonathan_exe78,0,0
Dev. Ron,0,0
el_gran_saiyaman_2.0,0,0
mimi,0,0
odalky14,0,0
samaxxs,0,0
fran,0,0
diego alejandro moncada pinto,0,0
JuanağŸ‘»,0,0
jenny,0,0
ğ‘¨ğ’ğ’…ğ’“ğ’†ğ’” ğŸ¦ğŸ”¥,0,0
deiker,0,0
santiagoaguilarso8,0,0
â˜…~ashlee~â˜…,0,0
FXBIAN ğŸ‘»,0,0
Geremmy Edits,0,0
soy lavinho,0,0
ğ—”ğ—»ğ—±ğ—¶ğ—¶â˜ƒï¸,0,0
JuliÃ¡n Valdes,0,0
JonathanFX7ğŸ‡§ğŸ‡·,0,0
Edgar Gaxiola,0,0
Goku^ ^,0,0
michuğŸ¥,0,0
AndresğŸ¥€ğŸ¥€,0,0
Thiago ğŸ™ˆğŸ˜,0,0
Guan Diego Calderon,0,0
team negro,0,0
Juan_Carlos,0,0
Thiago@-ğŸ‘¾ğŸ‘½,0,0
ï¸,0,0
Gael HernÃ¡ndez,0,0
Joel Santy,0,0
felix,0,0
EmiiğŸ«,0,0
kirito,0,0
EDUAR21,0,0
Jonathan,0,0
WEYMAR CASARAN,0,0
á´…á´€É´É´y_05,0,0
Johan Carrion,0,0
Felipelarrea,0,0
demonhunter379,0,0
LioMessi2039,0,0
animador ğŸ‘ŒğŸ«¢,0,0
Tassiignacio,0,0
Eduardo,0,0
thiago,0,0
yordan_romeo,0,0
ETHAN,0,0
michicita,0,0
benja3kyt,0,0
à»ˆDiego,0,0
David Restrepo,0,0
ğŸ¥·ğŸ»âš¡ğŸ‘ºğŸ¥‡âš½,0,0
springtrap,0,0
â›“ï¸â€ğŸ’¥ sae/steve harrington ğŸ•°,0,0
yoe_102,0,0
gilber,0,0
deimer pica,0,0
Mla_martin890,0,0
guzman,0,0
ï¸,0,0
#ğ”½ğ•‹ğŸª½Dary Benalcazar,0,0
ivannataniell,0,0
christopher,0,0
OWEN ğŸ˜,0,0
Tino.,0,0
Eddinson:CHIQUI,0,0
âœï¸Cris,0,0
Yeferson Lozano Rojas,0,0
jesus,0,0
juegaHDjere_rt2,0,0
Cambio fÃ­sico,0,0
el_ivan,0,0
nadie,0,0
x,0,0
el gato hacker,0,0
irwin742502,0,0
SCOUTENGTTEEREP SCOUTğŸ‡¦ğŸ‡·,0,0
Master arts chefğŸ”¥ğŸ”¥ğŸ—£ğŸ—£ğŸ—£ğŸ‘ğŸ”¥,0,0
â‚©peÃ±aâ™¤â™¡â™¡,0,0
Saamyy44,0,0
ğŸ‡¨ğŸ‡´ JESÃšS ARNEDO ğŸ‡¨ğŸ‡´,0,0
papustickman,0,0
Luan Salas,0,0
Aaron Ceballos,0,0
jhon  jose,0,0
axel_davidm,0,0
Zamir SÃ¡nchez,0,0
ê›•Í²á´¹á´¿ Sá´œÊ™-á´¢á´‡Ê€á´_ê›•Í²,0,0
AnthonyğŸ“,0,0
Luis el boy friend,0,0
matğŸ®ğŸ‘‘,0,0
manu,0,0
Timoteo,0,0
Daniel Arone,0,0
Darwin_â¤ï¸â€ğŸ”¥Jing,0,0
Lectus,0,0
ï¸MATTIAS,0,0
FAN DE KIARAğŸ¨,0,0
XRZ,0,0
ramdom___xd,0,0
ï¸,0,0
âš¡ï¸khenay â˜£ï¸,0,0
JOSS,0,0
Julllian,0,0
emix,0,0
Deer Morgan ğŸ¦Œ,0,0
ï¸Jose andres,0,0
bbeennjjaa,0,0
Decart,0,0
flan xd,0,0
Ikker,0,0
roblox_nathan ok maÃ±ana ğŸ’œ,0,0
boy minecraft ğŸ‡µğŸ‡¸,0,0
simon,0,0
ï¸,0,0
Pepito mÃ¡ster 5335_kj,0,0
Cristian Gomez,0,0
CJ_my.,0,0
Mati,0,0
MARLON,0,0
Dominican2rd,0,0
Julian,0,0
jerson ğŸŒğŸ»,0,0
ivan_lpk,0,0
RUDY,0,0
Francisco g,0,0
Rosa Martha.F.V,0,0
ğŸ”±,0,0
sam_ramiro,0,0
ï¸ Rá´€Ò“á´€á´‡ÊŸ-CHUKISğŸ¹ğŸ»..,0,0
ğŸ¦â„¢IFROM_JEREâ„¢ğŸ¦,0,0
IKERR,0,0
Jhon,0,0
N3150N2.0,0,0
DUKELAM,0,0
Draco_TheVival,0,0
ğ“†©â™¡ğ“†ª Iâ€™m Alex Smith ğ“†©â™¡ğ“†ª,0,0
Cesar Rodolfo,0,0
ê§ğ“Šˆğ’†œ ÊÖ…Ö†ÊŠÉ› É¢ÇŸÊ€ÆˆÉ¨ÇŸ É¢Ö…Õ¼ÊÇŸÊŸÉ›Ê ğŸ–¤,0,0
ğ–ğ–Šğ–“ğ–”_ğ–Šğ–‰ğ–ğ–™ğ–˜_ğ–‡ğ–‘ğ–†ğ–ˆğ–,0,0
Robert(fandesirnicodemusysnowy,0,0
enchilada,0,0
Mike rider,0,0
Teoo ï£¿,0,0
crique el bellaco,0,0
ï¸,0,0
Assly,0,0
Sandoval_Chris14,0,0
ãƒ„Rami,0,0
El_benja_epicardo Twitch,0,0
"ilan_-\""Â¥pico",0,0
ÆŠÆ´Å‚aÅ‹,0,0
ï¸,0,0
XX_PA$TRANA_XX,0,0
ALEXANDER,0,0
patiÃ±o,0,0
casa muÃ±eca gabby dj musicat,0,0
@abram selano,0,0
rofflitoo regreso,0,0
âš”ï¸ğŸ§£ ğ•°ğ–—ğ–Šğ–“ ğ–ğ–Šğ–†ğ–Œğ–Šğ–—ğŸ§£âš”ï¸,0,0
AÅ‚exz,0,0
Jesus David,0,0
Jocsan MilC,0,0
ï¸dantejajajanosequeponerdename,0,0
lisandroo,0,0
Karma4114,0,0
â˜…İŠêª€ê«€××…Ü»İŠz××…Ö¬Ï…××…Æ™××…á¨µ××…×… áµˆáµ˜áµ‡Ë¢â˜…,0,0
Rey Pompa,0,0
.,0,0
LeoğŸğŸ³,0,0
Rodrigo Granillo,0,0
Suarez Suarez,0,0
NovaViper,0,0
paper Momazos kizuna,0,0
KIRI KIRI,0,0
_Juan_dav_,0,0
hola,0,0
toÃ±ito,0,0
Je,0,0
Clash royale â¤ï¸,0,0
I\'M   KATH\'x,0,0
ğŸ¦‰Nexther_DubsğŸ¦‰,0,0
jamesedit,0,0
Yojan D. Suarez,0,0
MINAğŸ‰,0,0
Angel BROU.1,0,0
ChrisX38,0,0
devxh,0,0
toji zenin,0,0
â™¡á£Ÿâœ©á—·á—©á‘•á•¼Iâœ©á£Ÿâ™¡,0,0
JosÃ© el pro(team negro),0,0
axelz_rgx,0,0
PATROL,0,0
âœï¸,0,0
Santi_!!!,0,0
Rami,0,0
alejandroo,0,0
â€¡â€ â˜…the hollow knightâ˜…â€ â€¡,0,0
Favianny.V,0,0
ğŸ¤JONNALBERTğŸ¤_38,0,0
perseoğŸ›ğŸ¤,0,0
tu puta madre,0,0
temo,0,0
facundo,0,0
Rafiki68443,0,0
Jo5ue,0,0
Â»â˜¬ğŸ…°ğŸ†ğŸ†ˆğŸ…°ğŸ…½â˜¬Â«,0,0
Gabi Arteaga,0,0
una una gana,0,0
ï¸Jesus ğŸ†–ğŸ§¸â—ï¸,0,0
DA_VIDğŸ¥´ğŸ™‚â€â†•ï¸,0,0
max.boy.54_,0,0
Jose,0,0
ğŸŒ³dino juaniğŸ˜¼ğŸ¼ğŸŒ³,0,0
nixces,0,0
Itachi  66,0,0
yerin.xr_,0,0
Slanders Vallejos,0,0
La Nutria Pulgosa,0,0
ğŸ’¸MğŸ’¸,0,0
ğºğ®ğšğ²ğšğ›ğ¨ ğŸŠ.,0,0
Xavier_atreyos,0,0
ï¸Alex.,0,0
Roy.B,0,0
Ğ¼Î±Ï‡Ï‡2100 ğŸ˜ºğŸ˜ºğŸ˜º,0,0
naylen ğŸŒºğŸ’«,0,0
ALEX,0,0
mxry_.mt,0,0
marcelo_avila050,0,0
Juan_peÃ±a,0,0
Luis,0,0
Alan,0,0
david mclla,0,0
Dexplay787_ch,0,0
no se,0,0
âœ¨~will~âœ¨,0,0
Kevincito,0,0
milo,0,0
Oscar Scarlata,0,0
iker_reyes.1,0,0
Mendez0918,0,0
á´°Ê·Í—ezequielğŸ¼,0,0
Stiven,0,0
Badware_Xd13,0,0
MartÃ­n,0,0
MiağŸ’­,0,0
GinÃ©s_123,0,0
ğ–€ğ–—ğ–šğ–’ğ–†,0,0
jairo â€¢ siguiendo,0,0
Zantino â‰§â—‰â—¡â—‰â‰¦,0,0
hehhd,0,0
Cristian Hidalgo,0,0
chiguanini,0,0
stiven,0,0
Taoo âš¡ï¸,0,0
ğŸ¦Šâ˜€ï¸ANDRÃ‰Sâ˜€ï¸ğŸ¦Š(Sannin\'versiÃ³n),0,0
Trueno_UY,0,0
luissan7991,0,0
zmr.jesus74,0,0
ï¸,0,0
Ramsess,0,0
Jesus Garces,0,0
RL  snyzx,0,0
guille,0,0
GXEL ROCHA V2,0,0
Santiago.,0,0
sosuke,0,0
Adrian â­ï¸,0,0
Lwue ğŸ’–ğŸ’“â¤ï¸â€ğŸ”¥,0,0
Cristian Jesus MacÃ­as,0,0
Tuculion12345,0,0
ğŸ˜ğŸ’”jugando juegos ğŸ’”ğŸ˜,0,0
Emilio,0,0
Dabig_S,0,0
Samuelâ¶â¶,0,0
Nicolas Aragonez gomez,0,0
max 0_7 el papeador bananita,0,0
Paola Rodriguez,0,0
shelbi lopez,0,0
Salvador,0,0
Nurys Borja,0,0
nacho,0,0
JosÃ© Sandoval,0,0
YerithHuggy,0,0
âš¡ê§à¦”à§£â˜¬âœØ®ÙˆØ§Ù† ÙÙŠÙ„ÙŠØ¨ÙŠâœâ˜¬à¦”à§£ê§‚âš¡,0,0
"Ê™á´Ê™ á´‡sá´˜á´É´á´Šá´€ ãƒ„,",0,0
Alan Meza,0,0
ê«Ù„Ã¼Ğ°Å„Ã§hÃ¯ê«,0,0
Brandon,0,0
primo2004_yt,0,0
Jazziel Ruiz,0,0
Manuel ariza,0,0
ğŸˆâ€â¬› Marketing-IronÂ´storeğŸˆâ€â¬›,0,0
bre,0,0
Dandy Clips,0,0
vixovm,0,0
guest 1337 ğŸ«¡,0,0
JuliÃ¡n,0,0
erick,0,0
Esteban Gualteros,0,0
javix ğŸ¥·âš¡,0,0
Mateo Corvalan,0,0
joaco,0,0
ğŸŒªï¸,0,0
Juan,0,0
ğ•Šğ•’ğ•Ÿğ•¥ğ•šğ•’ğ•˜ğ•  ğ”¸ğ•ğ•«ğ•’ğ•¥ğ•–,0,0
azz_jess,0,0
y4nde1ll,0,0
Manu ğŸ¦,0,0
Alejandra RamÃ­rez torres,0,0
ğŸï¸ğŸ“âœ¦ğ“”â„›ğ“˜ğ“’ğ“šğ“‚…ğŸ”¥ğŸ§¡ğŸª¼ğŸ’•ğŸ¦„,0,0
joel stick,0,0
Sebastian Rodriguez,0,0
Lee Danilo,0,0
â„¢Negro~(â€¢Â°â€¢),0,0
ekiel,0,0
JuanesğŸ˜œğŸ˜œ,0,0
ğ’¥â„´ğ“ˆâ„¯ğ“…ğ’½ğŸŒªï¸,0,0
Yandel,0,0
mateo11y2,0,0
Farid Rivas,0,0
Book Live HD,0,0
Alexis Cordova,0,0
una roca marroquÃ­ chillğŸ—¿ğŸ‘,0,0
Emmanuel,0,0
G_BğŸ§ƒ,0,0
ï¸pal8m5yn5ch011ğŸ¿ï¸,0,0
macarron,0,0
JeremÃ­as RUGBY  ğŸ‰ğŸ‰ğŸ‰ğŸ‰ğŸ‰,0,0
douxt,0,0
JESUS YUSTIâ­ğŸ’«âš¡âœ¨ğŸ”¥,0,0
el hombre moradoâ™ ï¸â™¥ï¸,0,0
peluzo245,0,0
emersonğŸ™†â€â™‚ï¸ğŸ”¥,0,0
Boonking,0,0
1357qpa5,0,0
Thiagoâ„¢ğŸ’,0,0
Harold Melgoza GarcÃ­a,0,0
joanğŸ§,0,0
Gray x Wenda,0,0
ï¸,0,0
Angel,0,0
Santiago Herrera,0,0
Ike,0,0
S36I0,0,0
â˜ï¸-Jm-â˜ï¸,0,0
ï¸julioar500+,0,0
williamğŸ¤·ğŸ»,0,0
Calderonb,0,0
Freddy SigmağŸ«¡,0,0
Angel Lopez,0,0
teylor_craft,0,0
hollow,0,0
FernandoyAndrea,0,0
Giuliano Tejerina,0,0
Samuel usme Zuleta,0,0
Sebastian Castillo,0,0
\'\'[Milo j]\'\',0,0
Andres,0,0
Marco,0,0
Carlos,0,0
Irwin Arenas,0,0
El_DARK,0,0
Beiker Romero,0,0
Esteban silva 10276,0,0
trades.roba.un.brainrot,0,0
Alejandro,0,0
jeffrycgğŸ˜€,0,0
Augus,0,0
AndreyğŸ¥€,0,0
mmmh,0,0
Samuel StyleğŸ¥€ğŸ’,0,0
foxi bebÃ©,0,0
S,0,0
Atzel Moreno >:),0,0
ï¸ camellito_colğŸ˜¼,0,0
Wenda el bro de rochu,0,0
cristian.areiza96,0,0
HUGONIMBS,0,0
lixmer91,0,0
pessi(colo colo versiÃ³n),0,0
30,0,0
team-negro felipe,0,0
despertandoalmas1999,0,0
XZ! JuAnâ¤Z!,0,0
:D,0,0
LeÃ³n R.,0,0
mariofidelsanchez5,0,0
Axel Borges,0,0
?,0,0
Maxi0513,0,0
EMANUEL,0,0
Jose Vargas,0,0
Dannyâš¡,0,0
Luciano mj,0,0
Alevi,0,0
ğ•¯,0,0
renangel 15,0,0
Deli,0,0
emilio_arevalo,0,0
yeriel,0,0
JORDY,0,0
fan de luffyğŸ«¶,0,0
Diegoo,0,0
AlejandroğŸ¥·,0,0
gatito_navideÃ±o:D,0,0
BKT9GD âœï¸,0,0
DonkğŸ¦,0,0
su bro,0,0
Pablo Cuevas,0,0
â™§â˜†_-negro-_â˜†â™§,0,0
Mauro GutiÃ©rrez,0,0
ğŸ¤ŸEMSğŸ‘‘ğŸ‘„,0,0
OSYPANDA12,0,0
Lautaro Gonzalez,0,0
LuizBG,0,0
peter08,0,0
La esquizo a tu lado,0,0
Kaiser,0,0
â˜ ï¸âš”ï¸Stivenâš”ï¸â˜ ï¸ğŸ‘½,0,0
perrito con gorra,0,0
skrizi,0,0
Ozono1S0V_oficial,0,0
Abrahamcito ğŸ¦¦,0,0
De JesÃºs ğŸ¦ˆ,0,0
Samu,0,0
jesus cabrera,0,0
JÄ˜SUSâ„¢Â©ğŸ˜ˆ,0,0
robotman,0,0
NicolÃ¡s Diaz,0,0
Ricxrdx,0,0
Derek,0,0
| <â™¡> ğŸ‘‘antonioğŸ‘‘ <â™¡> |,0,0
jack_58,0,0
Kenay,0,0
Jake,0,0
mini pekka aÃ±a,0,0
Alan_ğŸ’¯âš¡,0,0
sebastian,0,0
armando Manzanero,0,0
Pennywise ğŸª¬ğŸ¦‹,0,0
Â®boyca500â„¢,0,0
ğŸ¥· REY ğŸ¥·,0,0
el insano w,0,0
ğ–¤Moonğ–¤,0,0
NoxiğŸ’¸,0,0
ERNPâ„¢,0,0
Lazaro ğŸ”ğŸ”ğŸ”ğŸŒ¸,0,0
Dami-nğŸ’¡,0,0
SofiwiiiğŸ³ï¸â€âš§ï¸,0,0
MÒ‰Â AÒ‰Â TÒ‰Â HÒ‰Â IÒ‰Â AÒ‰Â SÒ‰,0,0
DR_ğ”ğ”©ğ”¢ğ”§ğ”ğ”«ğ”¡ğ”¯ğ”¬,0,0
Diego ğŸ˜¶â€ğŸŒ«,0,0
el Pepe 23 w,0,0
santi,0,0
bau,0,0
rick.vx4,0,0
araceli,0,0
LuisDaniel SerranoNava,0,0
mathias,0,0
emmanuel_GHğŸ™,0,0
JThiagoRC,0,0
edian,0,0
jere | BS,0,0
isaacğŸ—¿â˜‘ï¸,0,0
Dassy Bustos,0,0
@naruto usumaqui,0,0
Daniel gallardo,0,0
ğŸ“,0,0
fantasmita cornejo,0,0
Sebas_145,0,0
benjamonyquesoo,0,0
unramdomxd123,0,0
COPTZ,0,0
IANCITO,0,0
bvnjaaa,0,0
GOKU_EDITS,0,0
the_bacon,0,0
3l_usu4rio_r4ndom,0,0
el de los tamales,0,0
Elvin Afton,0,0
Julian Silva,0,0
Jonas Castillo,0,0
guardian,0,0
maxi ğŸ¥€ğŸ˜,0,0
L Yostin ff,0,0
Luciano,0,0
XD,0,0
EulÃ­ses,0,0
ãƒãƒŸ,0,0
alguien,0,0
ğ•µğ–šğ–‘ğ–ğ–†ğ–“,0,0
ander,0,0
Marlonâ‚¬_&,0,0
saracardenas1408,0,0
fnf_01 kaleb,0,0
ğ“¢samu,0,0
Koiz,0,0
corono,0,0
ï¸,0,0
Nila Morales Alvarez,0,0
Haise,0,0
Darckshinex1237,0,0
paredğŸ§±,0,0
Eduardo,0,0
ğ’®ğ’¶ğ“ƒğ“‰ğ’¾ğ’¶â„Šâ„´ğŸ·,0,0
ThisVene,0,0
El_abono,0,0
Davidrelon,0,0
LAMINEYAMALâ¤ï¸ğŸ’™,0,0
EduardoğŸ’¡ğŸ’¡ğŸ’¡ğŸ’¡ğŸ’¡ğŸ’¡,0,0
Mauricio Moreno rodriguez,0,0
Ã†,0,0
SantiagoÃ—,0,0
YamilAh,0,0
Freddy,0,0
moha,0,0
elpepsiman2025,0,0
ğŸ’™ğŸ’›bocağŸ’™ğŸ’›,0,0
Didier Aconcha,0,0
Angel Camilo,0,0
ANDRES,0,0
Samuel tasconğŸ¦•,0,0
Yisusâ™¥ï¸â™¥ï¸ğŸ¤ğŸ¤,0,0
Sebas P.C,0,0
ğš‚ğšŠğš–ğš’ğš›,0,0
.....,0,0
ï¸,0,0
@CarmeloGonzÃ¡lez,0,0
Alex,0,0
jonathanramirez2111,0,0
ğ”ğ”¢ğ”°ğ”²ğ”°â¤ï¸â€ğŸ”¥â¤ï¸â€ğŸ”¥,0,0
ğŸ™ğŸ€meowlğŸ‘€ğŸ˜ˆ,0,0
matx_iz.83,0,0
David ğŸ”¥,0,0
ï¸,0,0
Jan_amad0r,0,0
ï¸â„ğ•ªâš¡YERISON ğŸ«…ğŸ»,0,0
sofiağŸ’–ğŸ’–,0,0
Juancho la p,0,0
willy,0,0
Sebas Bonilla,0,0
Jesus Andres,0,0
kobu,0,0
awita,0,0
âš½ğŸ’™KaiserğŸ’™âš½,0,0
ğŸƒâ˜ ï¸ğŸ˜ˆloona hellound.exeğŸ˜ˆâ˜ ï¸ğŸƒ,0,0
à¼’â˜…çˆªå‚ã„’ä¹‡ã„–â˜…à¼’,0,0
xdchronosRealdeRealesğŸ‘‘,0,0
Kevin,0,0
ğŸ‘‘â¤ï¸â€ğŸ”¥ğŸ¦‚Yami Ortiz ğŸ˜ˆğŸ…ğŸ–¤,0,0
J,0,0
âš¡â†ğŸ¬â¼|GIGIBROğŸ‡¨ğŸ‡´,0,0
Samuel Florez,0,0
JuanğŸ‘¤+,0,0
Davian24ğŸ‡»ğŸ‡ª,0,0
detonador de pipetas de gas,0,0
Angel,0,0
team_futbol,0,0
SOYJAMES,0,0
@_NATANiEL_06_,0,0
los robloxianos,0,0
Enmanuel NuÃ±es,0,0
tea_sange,0,0
pepitogamer,0,0
ald.n.,0,0
Santii06,0,0
Ares GC,0,0
ï¸,0,0
SALAMANCA_12,0,0
Ronaldo Cruz 566,0,0
JuanjoGG20,0,0
Mr.Cat MC,0,0
~~~~,0,0
Alan Ruiz,0,0
SebastiÃ¡n Ropero _41,0,0
EL DONADOR,0,0
el James,0,0
Smu,0,0
sozinho contra o mundoğŸ’,0,0
.,0,0
dereth Jose,0,0
ğŸ¦ŠZacarÃ­asğŸ¦Š,0,0
*â­Edwarâ­*,0,0
THIAGO IVAN GIL CORONEL,0,0
Laautyy_201o,0,0
ĞĞ¸ĞºĞ¾Ğ»Ğ°Ğ¹,0,0
Manuelâš½ï¸â¤ï¸,0,0
JesÃºs ğŸ«°ğŸ«°ğŸ«°ğŸ«°,0,0
Guerrero,0,0
ALEX,0,0
nicolas,0,0
Romeo rey poetağŸ’—,0,0
SNKIğŸ‘¹ğŸ‘º,0,0
[ANDRESÂ¥ AWM ],0,0
esteban forigua,0,0
Thiago_bkst,0,0
crisstian353_live,0,0
â€ NINZâ€ ,0,0
elpelon324 del cod,0,0
DD_Vasquez,0,0
Edgar:v,0,0
thomas,0,0
j.ğŸ˜®â€ğŸ’¨ğŸ˜¶â€ğŸŒ«ï¸ğŸ˜ˆ,0,0
GuillermoGuaher,0,0
HLSâ”ŠAlexTG,0,0
Saul!,0,0
GATO_MINION,0,0
Fizzarollie dubsğŸ’š,0,0
Stiven,0,0
Hola :)ğŸˆâ€â¬›,0,0
-ZERMEÃ‘Oâ˜£ï¸,0,0
Juan JosÃ©,0,0
Alex ArteagağŸ’¯,0,0
solo_sigo_infielesğŸ’ ,0,0
âš¡JosÃ©âš¡,0,0
cristobal_RMAT,0,0
catblak,0,0
herson rivas,0,0
Josep Rico M,0,0
isair,0,0
Obed_.Pâ™§,0,0
davideğŸ˜OL,0,0
Ale_gramm11,0,0
Eso telen,0,0
JhonKors_MT,0,0
cano crisanto,0,0
ğŸ¾ğŸ«ŸAXEL xit ğŸ¥·ğŸ»âš¡ï¸,0,0
Willian Junay,0,0
gadaac,0,0
santii,0,0
â˜¯Õá—´á—·á—©ÕTIá—©á‘â€ ,0,0
abranmelanoğŸ˜‚,0,0
â«·â«¸ ğ‘»ğ’Šğ’ ğ’‘ğ’ğ’‚ğ’ğ’ â«·â«¸â˜‘,0,0
Jeep,0,0
Jeffersonz38,0,0
7woss777_Reymer,0,0
Lucas230512,0,0
E\'lian R\'yes,0,0
REX,0,0
A.Ãvalos,0,0
dyland. Cuzcano,0,0
ğ“¬ğ“±ğ“»ğ“²ğ“¼ğ“½ğ“²ğ“ªğ“· ğ“¬ğ“°,0,0
Yemns14,0,0
zeta,0,0
justin aguilar,0,0
ğ’‘ğ’†ğ’‘ğ’†,0,0
Karina.f.h ğŸ¦…ğŸ¦…,0,0
oxmar_gm ğŸ‘»,0,0
Black_bsk,0,0
B_4,0,0
Gerardiano pro 1,0,0
javieririgoyer,0,0
Aaron Perez,0,0
Lucas,0,0
Christopher Uribe,0,0
@bauti1234,0,0
Roberthh,0,0
Gohan,0,0
Maikoll OrdoÃ±ez,0,0
PANCOTE200,0,0
usuario incontrable,0,0
alex_5%,0,0
misha_robloxer,0,0
â€ RAFAELâ€ ,0,0
ReyxLAJA,0,0
Ariel gonzalez Rojero,0,0
CarlosxX,0,0
soy maicol,0,0
Siderma,0,0
M_Guevara,0,0
???,0,0
machi,0,0
Oliver 77â¤ï¸â€ğŸ”¥,0,0
ğŸ”µHORIZON_CAOSTOTALğŸŸ£,0,0
MatÃ­as MTğŸ¦…,0,0
gavir,0,0
luisisto,0,0
bautista,0,0
Josman æ„›,0,0
Esteban,0,0
male,0,0
ğŸ‘‘samuelbalanta11ğŸ‘»ğŸ‘»ğŸ‘»,0,0
ãƒ»ãƒ»ãƒ»,0,0
isa,0,0
Lucio Gareca,0,0
ï¸,0,0
Azhura,0,0
Ipn Omer Osman,0,0
ğŸ’«âœ¨ï¸_mati_âœ¨ï¸ğŸ’«,0,0
ğŸ‘»ğŸ’–AndresğŸ‡§ğŸ‡´ğŸ¤™,0,0
è£‚ç¸«ğŸ˜ğŸ‡¸ğŸ‡»ğŸ”¥ğŸ¥€,0,0
Elsebas,0,0
Pikford01,0,0
JohanRagex,0,0
Samuel,0,0
Sergio Ariel Llanos Llanos,0,0
stiven,0,0
Damian Salinas âš½ğŸ‡¨ğŸ‡±,0,0
Kevin Rincon,0,0
Joshua Ramirez mon,0,0
HPEEP,0,0
DereckGB,0,0
ğŸ¼boliqueso_la buenaâœ¨,0,0
<â˜…ğ”£ğ”ªğ”°â€ ğ”©ğ”²ğ”¦ğ”°â˜…>,0,0
âš”ï¸THEAM-NEGRO-GOKU-_-TRUCKâš”ï¸,0,0
ï¸MxrtÃ¯n ğŸ¥·ğŸ»ğŸ’«,0,0
.,0,0
VNXâš¡,0,0
gabriel__,0,0
yaderğŸ¤«ğŸ¥‰ğŸ‡³ğŸ‡®,0,0
Raelis_VoxYT,0,0
hector Daniel,0,0
_c0r.ona16,0,0
Mateoâš¡ï¸,0,0
franchescooooooooo,0,0
emojicat,0,0
Shadow_demğŸ·ğŸ§,0,0
âœ“JUANÂ®,0,0
DANI,0,0
<iker>,0,0
yandelosorio42,0,0
Andrescraft987ğŸ¥–,0,0
á´‡sá´›á´œá´€Ê€á´…á´,0,0
BachataBallğŸ”¥,0,0
insano,0,0
nahir,0,0
ÂªxeÂ¢lsğŸ’ƒğŸ»ğŸ’ƒğŸ»,0,0
Alejandra,0,0
Edu_07,0,0
JAVIERğŸ¤´,0,0
ï¸ğŸ¥°â¤ï¸marlon sanchezâ¤ï¸ğŸ¥°,0,0
edison Ramos,0,0
samurai2808,0,0
camilo_filmsğŸ˜,0,0
barcağŸ:),0,0
Camilo,0,0
Rafa el tiktoker,0,0
fan. de silvio gamer y pancrac,0,0
maurofandeabraham,0,0
ï¸FabricioğŸ•¸ï¸,0,0
emmanuel,0,0
ğ•¬ğ–‘ğ–Šğ–ğ–”ğŸ‘‘,0,0
ğ’‘ğ’Šğ’ğ’ğ’›4_ğŸ…Ÿâ“ğŸ…›ğŸ…›â“â“â“ğŸ…¢(Â¬â—¡Â¬)âœ§,0,0
caliche12648863738289876666656,0,0
esits futbol,0,0
gareth,0,0
elPancho,0,0
Garlitos,0,0
ğŸV4MPğŸ,0,0
ğ“›ğ“ªğ“µğ”‚ğ“¼ğ“²ğ“½ğ“ª ğŸŒ¸,0,0
Alberto Garcia,0,0
Adrii JimÃ©nezğŸ«¶ğŸ»,0,0
Kingz,0,0
user3481306759490,0,0
â„³ ä¹‚â™›,0,0
"El J,R",0,0
Erick castro,0,0
Jose Luis,0,0
invencible el XD 8373,0,0
maxipino(maximox),0,0
planta,0,0
Alejandro ğŸ‘»,0,0
Andres98xd,0,0
Thiago,0,0
arias cristofer,0,0
ğŸ’ªğŸ»âš½ï¸,0,0
Miguelâ¤ï¸â€ğŸ©¹ğŸ˜ˆ,0,0
Jojody3,0,0
é˜´èŒ,0,0
SAMU_MK,0,0
drogis,0,0
juan HM,0,0
Mazv,0,0
team Fede vigebani,0,0
nightmare Foxi_curiosidades,0,0
omar12,0,0
Gael123,0,0
Miriam Villota,0,0
Doritos,0,0
JACOBOMUÃ‘OZ:),0,0
harabis,0,0
Kimberly Nicole Riaza Saenz,0,0
Luquillooo,0,0
Sebasblox,0,0
caja hormonal,0,0
hola,0,0
Alan Gomez,0,0
Master,0,0
dylan2s,0,0
Un.Random,0,0
batata,0,0
thomii,0,0
Orlando Ramos,0,0
Santino EcheverrÃ­a,0,0
SadeeXá´®á´¿ğŸ‡§ğŸ‡·,0,0
Victor,0,0
kenyi,0,0
á´µá´¬á´¹|êª—ğ—ˆğ‘ ğ‘ Ò½ğ—‡â˜…,0,0
spawn,0,0
ignacioğŸ–¤ğŸ¤ğŸ–¤,0,0
shedletski,0,0
Lucio Mamani,0,0
Johan Rosas,0,0
chachi,0,0
EliasğŸ•·ï¸,0,0
lx_salchipapa,0,0
abraham...22,0,0
Fabio el coqueto ğŸï¸,0,0
deku,0,0
Cristian,0,0
Gerardo Azael,0,0
ELCOLOSO331,0,0
Valentin,0,0
hugotwwwwo,0,0
77778.99201,0,0
Jeremy.reyğŸ’¥,0,0
trix_zzs,0,0
arteyurica,0,0
shaulğŸ’,0,0
memo,0,0
Mr_Martino294_God,0,0
vical,0,0
jannell clip,0,0
Isagi yoichi,0,0
elmas...el mas Â¿que?,0,0
damian amo a mi familia,0,0
optizi,0,0
Hector ğŸ« ,0,0
son Goku,0,0
Donnato Freire,0,0
Ariel Barrionuevo,0,0
Sara te amo ğŸ’–ğŸ’˜,0,0
Sebas,0,0
Santiago Flores,0,0
chanse,0,0
Diego Sebastian,0,0
Santiago Sanchez Alfaro,0,0
EL PABLO ğŸ¤ğŸ’™,0,0
Jorge,0,0
noobysxd,0,0
Î£_á„‚Xâš¡ï¸âš¡ï¸,0,0
lyam jajajajjaja xd,0,0
XxJonatanxX,0,0
ğŸ­ğŸ…˜ğŸ…‘ğŸ…¡ğŸ…ğŸ…—ğŸ…˜ğŸ… ğŸ­,0,0
rikosfenvois,0,0
Mathias Melenge,0,0
ESTEPAX,0,0
Johan Florez,0,0
Lobito:D,0,0
isranw3,0,0
Roblox desde cero ğŸ˜ƒ,0,0
RomÃ¡n ğŸ†—ğŸ˜¢,0,0
idanIlxz,0,0
Bernardo,0,0
sebas cubillos,0,0
gato ramdom,0,0
rp_sebas,0,0
+52  SantiagoğŸ¤‘ğŸ¹,0,0
RUBÃ‰N GARCIÃ DE LA ESPERANZA,0,0
teem negro666 js,0,0
edit?,0,0
â„°ğ“‡ğ’¾ğ“€ âš¡ï¸ğŸ«§,0,0
Alejandroxx192,0,0
Liam Mejia,0,0
Glender Silva,0,0
two timeğŸ”¥ğŸ”¥ğŸ”¥,0,0
ã€°ï¸â™£ï¸â¬›metal sonicâ¬›â™£ï¸ã€°ï¸,0,0
Danna,0,0
fracasadosinfuturo,0,0
/conglio/,0,0
Alma RaÃ­z ğŸ«šâ¤ï¸â€ğŸ”¥,0,0
kaleb,0,0
liqui456,0,0
ian,0,0
Mateo,0,0
crixxs,0,0
asesino_ğŸ‘»ğŸ‘»ğŸ‘»,0,0
Angel Villalba,0,0
ares,0,0
SoyGameFF,0,0
SantiiğŸ’¥ğŸ”¥,0,0
scuela las palmas chisme,0,0
ğŸª·ğŸŒ¸ğ’ğ’ğ’ğ’ƒğŸŒ¸ğŸª·,0,0
Jorgitobolillo2913,0,0
shisssaj,0,0
ï¸&sAmUeLâ‚¬xd,0,0
insano,0,0
.,0,0
JMTR,0,0
Yahirsito,0,0
$Matias$ğŸ‡ºğŸ‡¾,0,0
leloo,0,0
Dylan nahuel Garcia,0,0
ğ”‡ğ”„ğ”‘ğ”ğ”ˆğ”ğŸ’€,0,0
alexjb74,0,0
ï¿½ï¿½ï¿½ï¿½ï¿½ï¿½ï¿½ï¿½ï¿½ï¿½ï¿½ï¿½ï¿½ï¿½ï¿½ï¿½ï¿½ï¿½ï¿½ï¿½ï¿½ï¿½ï¿½ï¿½ï¿½ï¿½ï¿½ï¿½ï¿½ï¿½,0,0
Gamer_ zone18,0,0
XD,0,0
Danny,0,0
miguel$Â¥,0,0
Michelle,0,0
ğŸ¦ˆURIEL66ğŸ¦ˆ,0,0
Dominic,0,0
jax18,0,0
Santiago_ yt,0,0
fabricio;),0,0
hola,0,0
MaTIğŸ,0,0
TiroalBlanco,0,0
AdriÃ¡n,0,0
juan Rodriguez,0,0
payasito,0,0
team negro,0,0
David_Gaming,0,0
Pabloâ– â—‹â– ,0,0
gatitozzz,0,0
ï¸x_Dilan:),0,0
Dani,0,0
pollito,0,0
angel santos reyes ğŸ¥³ğŸ¥³,0,0
Equis ese,0,0
CristianBls_XllğŸ‡²ğŸ‡½ğŸŒ´ğŸ¥¤,0,0
â˜…,0,0
Capibara,0,0
Sart,0,0
MISTER&MARIO,0,0
ï¸,0,0
papas_fish,0,0
ğŸ’¥ğŸ¸ÑĞ»ÑƒÑ‡Ğ°Ğ¹Ğ½Ñ‹Ğ¹ğŸ¸ğŸ’¥,0,0
hola_papuxd,0,0
ê§à¼’à¦”à§£ğ•¿ğ–Šğ–Ÿğ–”ğ–à¦”à§£à¼’ê§‚,0,0
Benjamin Bortoni,0,0
E\'steban c\'alğŸ’¯,0,0
Guerrero SÃ¡nchez 23,0,0
el pablo tapas,0,0
Dom,0,0
Santi Fino,0,0
Leo Millan,0,0
ğŸ‡ªğŸ‡¨ğŸ‰ğŸ¥”saritağŸ‰ğŸ¥”ğŸ‡ªğŸ‡¨,0,0
GHOST,0,0
Sergio.Ocp,0,0
team negro,0,0
SHADOW,0,0
é‚¹ç§‹ç‡•,0,0
ğŸ©¸ GREINER ğŸ©¸,0,0
DAVID JOSE Bracho Fuenmayor,0,0
Eli HernÃ¡ndez,0,0
andreyx_,0,0
Dylan Vocaturo,0,0
Jenko Flores,0,0
El_Chamba,0,0
camiloğŸªµ,0,0
"negrito ,<>",0,0
microsp,0,0
plane japanes it filghtradar24,0,0
El capito,0,0
dilan alessadro,0,0
Franclin..ff,0,0
Diego Bosco,0,0
minipisapolloğŸ£,0,0
ElPela,0,0
Daniexl,0,0
ğ“¶ğ“ªğ“½,0,0
ãƒãƒ¼ã‚¯ãƒ»ãƒ´ã‚£ãƒ«ãƒˆãƒ«ãƒŸã‚¿,0,0
zayk_75,0,0
Joaco Benitez,0,0
el kakashis(&),0,0
Goldencito Freddyyto ğŸ§¸ğŸ§¸,0,0
@tanjiro kamado,0,0
brayan#$ğŸ€,0,0
kenneth guerrero alvarado,0,0
WIXd123,0,0
Bryanâ¦,0,0
lauty_xd,0,0
Santiago Quezada,0,0
Joselote,0,0
puchu,0,0
eddie,0,0
Juanjose Sosaruizdiaz,0,0
Santiago,0,0
Nelson Navarro,0,0
yairjuega05,0,0
JesÃºs113@âš«ğŸ–¤ğŸ–¤,0,0
Eduardo,0,0
sebaxh_0104,0,0
â€  I\'m DylanğŸ’¸âœ¨,0,0
CHANSFIOSO!-!\'_\'(:):,0,0
vixoo,0,0
Gael ğŸ‘»,0,0
Ignacio Miranda,0,0
Dilan llunior,0,0
Maty,0,0
Ğ½ĞµĞ´Ğ¾ĞµĞ±Ñ‹Ñˆ Ğ˜Ğ³Ğ¾Ñ€ÑŒ 34,0,0
chamoy de temu,0,0
IFexğŸ‡¨ğŸ‡´,0,0
XdarkcarlosX,0,0
pingÃ¼i,0,0
.,0,0
...,0,0
LEONEL,0,0
ğ˜‹ğ˜ˆğ˜•ğ˜ ğ˜‹ğ˜Š ğ˜—ğ˜™ğ˜ğ˜”ğ˜ŒğŸ§Ÿâ€â™€ï¸,0,0
perro ecuatoriano ğŸ—£ğŸ”¥ğŸ”¥ğŸ‡ªğŸ‡¨,0,0
Ariza,0,0
Kai,0,0
gohz11.uxdsd,0,0
ğ–˜ğ–†ğ–’ğ–šğ–Šğ–‘ ğŸ¥ƒ.,0,0
yhtroon,0,0
*Bruno*_$,0,0
JORGEğŸ¥·,0,0
Javier Lopez.,0,0
Emanuel agudelo Martinez,0,0
gorebaso,0,0
JerÃ³nimo Mena,0,0
Matias  fernandez ğŸ˜â™‘â˜…,0,0
ğ’œ  ğ’©  ğ’¢  â„°  â„’ğŸ•·ï¸,0,0
Sants..,0,0
JpğŸ˜¶â€ğŸŒ«ï¸,0,0
RF7_17,0,0
NicolÃ¡s Cantillo FlÃ³rez,0,0
ax3l,0,0
-REN-,0,0
alejandro,0,0
chinorris,0,0
ericksantiagoamay5,0,0
Kenta,0,0
Luis ğŸŒ·,0,0
iaan,0,0
Benja,0,0
G Delta,0,0
Felipe Rodriguez,0,0
verto,0,0
bzrpofficiai,0,0
Emanuel,0,0
Carlos.....,0,0
GEOVANNY TUFIÃ‘O,0,0
Lautaro Gomez,0,0
â€¢â˜…â™ ANGELâ™ â˜…â€¢,0,0
ğŸ—½,0,0
naruto,0,0
@Mart,0,0
FabiÃ¡n,0,0
Pedro Fuentes,0,0
me gusta drabonn ball,0,0
brunouscop_,0,0
team_negro,0,0
Diego SÃ¡nchez reyes,0,0
alonso,0,0
ğ’´â„´ğ’¿ğ’¶ğ“ƒ,0,0
Omar6335,0,0
Samuel Graffe,0,0
â­âœ¨âš¡DIOSâš¡âœ¨â­,0,0
M.D.R.Q 0911,0,0
Sebas Melendez,0,0
allan_RB,0,0
ï¸,0,0
Edu,0,0
Silla para reposar.,0,0
ğŸ¥·ğŸ»â‹†ğ‘ºğ“ªğ“·ğ“½ğ”‚â‹†ğŸ¥·ğŸ»,0,0
Ares,0,0
fan de felosque,0,0
ğ‘½ğ’‚ğ’ğ’†ğ’ğ‘­ğ’‚ğ’—ğ’—,0,0
Teo,0,0
jonÃ¡s,0,0
springtrap.tzds,0,0
Jhayco Calle,0,0
milu,0,0
Nelly Rengipo,0,0
Jesus Angel,0,0
pepe,0,0
âš½~â€¢~â€¢Thiagoâ€¢~â€¢~âš½,0,0
Gabriel Ramos,0,0
Danilo310ğŸ‘»ğŸ’¯,0,0
santinitofandehugo,0,0
ğŸ‡¨ğŸ‡´ SantiagoğŸ‡¨ğŸ‡´,0,0
Netro_719,0,0
ğŸ¤‘EMMANUELğŸ¤‘,0,0
BailarÃ­nFF,0,0
cmilo501,0,0
Robert,0,0
Jose Rodriguez,0,0
.,0,0
Elilel Vaquez,0,0
notificaciÃ³n,0,0
elbebetortas,0,0
ğŸ’€505sebasâ˜ ï¸,0,0
azure12,0,0
{Cristian Lobo},0,0
iSupperMad,0,0
~Î©Lucio SheinshiroÎ©~,0,0
team abrhaham,0,0
ian_leal.0,0,0
yepesmj06,0,0
emperador24,0,0
Alejandro FernÃ¡ndez,0,0
NosoyBlox,0,0
Alex,0,0
dylann^~^,0,0
me vuele el culo,0,0
Lautaroxrg,0,0
william 11:11 â¤ï¸â€ğŸ©¹â¤ï¸â€ğŸ©¹,0,0
el_gaspiÂ¥Â¥Â¥,0,0
Edfeujdbdbd Eddty,0,0
Hiroki,0,0
.,0,0
Camilo *-*&,0,0
p gamer 282,0,0
pollito insano antes del asado,0,0
Jesus Neftali,0,0
JAIDER HINCAPIE GRANADO,0,0
Yeison x stiven :),0,0
Lizeth Sanchez,0,0
Jose Garza villarreal,0,0
Dani Carrillo,0,0
Not.matiasz,0,0
adriel acosta,0,0
MR.MSB,0,0
YL,0,0
team negro,0,0
Freddito editğŸ˜ğŸ¤ªğŸ»,0,0
gaelsinpollin,0,0
soy Sebastian 502,0,0
hola,0,0
lagartija,0,0
Shirlee GarcÃ­a,0,0
ï¸,0,0
john doe pirata,0,0
ğŸ¦ğŸ¦ğŸ¦ğŸ¦edsonğŸ»ğŸ»ğŸ»,0,0
"Belloton,V,HQ",0,0
jaycobyt,0,0
JUANX,0,0
Thiago pereira â˜‘ï¸â™“ï¸ğŸ‡ºğŸ‡¾ğŸ‡³ğŸ‡±,0,0
LeandritoğŸ˜,0,0
Gabriel,0,0
usuario no encontrado,0,0
Leonardo,0,0
.,0,0
â‚¬Aâ‚¬||,0,0
Johan Galvis,0,0
advertencia,0,0
ğŸ”,0,0
ğŸ‘‘XDâœŒğŸ½,0,0
Slaxghter,0,0
zuko,0,0
Aaron tibaduiza,0,0
el rompe cosas XD,0,0
Moralespablo team negro,0,0
Melvin arevalo,0,0
AARONğŸ­,0,0
IVAN_ROBLOXYT,0,0
.,0,0
Ãlex1086,0,0
Daniel,0,0
mark siniestro,0,0
ğŸ’™yordiğŸ’š,0,0
.....a,0,0
DarwinGomez,0,0
à¼’ï¸âœ¯ğ–†ğ–˜ğ–™ğ–—ğ–” ğ–˜ğ–œğ–†ğ–Œğ–Œâœ¯à¼’ï¸,0,0
boywithuke_off_1,0,0
Denis ğŸ™„ğŸ¤˜ğŸ¤â¤ï¸ la uğŸ˜˜,0,0
team negro,0,0
Darcmaster,0,0
I\'m a New Carl ğŸ’¥ğŸ’«,0,0
ğ“¡ ğ“” ğ“© ğ“ ğŸ’£,0,0
Daniel Orozco,0,0
ğŸ‘‘ KALETH PRIME ğŸ‘‘,0,0
mimos prime,0,0
Amigo_Papu,0,0
juan,0,0
pewin2,0,0
Freddy,0,0
omni mark ğŸŸ¥â¬œ,0,0
ADVERTENCIA âš ï¸âš ï¸,0,0
Hola Causa como ta,0,0
regalo,0,0
Ismael ğŸ˜Š,0,0
Maicol Avellaneda,0,0
â€¢Â°.Â°â€¢Â§âˆ†M ğŸŒ™Â°â€¢.Â°.Â°,0,0
æˆ‘çˆ±ä¸œäº¬,0,0
ASL,0,0
alguien mÃ¡s del monton,0,0
NotificaciÃ³n,0,0
&RAM&,0,0
francoelsp828,0,0
ğŸ¤£AdÃ¡nğŸ˜‚,0,0
Felimpluz,0,0
CocaCola,0,0
oepastrana2,0,0
~HÃ©ctorğŸ¦ğŸ”¥ğŸ‘‘,0,0
samuel patrizzi,0,0
Ricardo Jose Ortega Abarca,0,0
liam2.95mk,0,0
Ğ¯Ñ€Ğ¾ÑĞ»Ğ°Ğ²,0,0
Alex Andres,0,0
SebastiÃ¡n,0,0
ğ““ğ“ªğ“¿ğ“²ğ“­,0,0
Lautaro,0,0
asis,0,0
NICOXXZBA,0,0
R4in,0,0
Ronal PÃ©rez,0,0
D1OS PR1M3RO,0,0
LuisN360,0,0
dark._192,0,0
tu bandido favorito ğŸ˜ˆâ¤ï¸,0,0
JD_12,0,0
Yuver Quenguan,0,0
Tiziano RodrÃ­guez,0,0
Zuri,0,0
EMJ,0,0
COLTOR,0,0
rafaâœ“,0,0
surprise,0,0
juan jo,0,0
Romeo Garcia,0,0
FERCHO ğŸ«¨ğŸ˜µâ€ğŸ’«,0,0
T\'orres T\'orres,0,0
Yago Farias,0,0
Enilson MuÃ±oz,0,0
pepe,0,0
á´€ÊŸá´‡á´Šá´,0,0
Daniel,0,0
yumpio62,0,0
Juan camilo,0,0
uzi Dorman,0,0
SOMBRA%1,0,0
JAFETH,0,0
juan1032,0,0
EmanuelğŸ¯,0,0
tizii723,0,0
team negroâœ¨ğŸ¼,0,0
Mateo Cofre,0,0
minipeka,0,0
Gabri21,0,0
KENYNâµâ°âµâ€ ,0,0
ê§â˜¬âœâ˜¯ï¸ Cristian â˜¯ï¸âœâ˜¬ê§‚,0,0
maximiliano123,0,0
Dan,0,0
maeo rossi,0,0
Edwinsuper05,0,0
6-6-6,0,0
Said Galvis,0,0
@alxnd.exe,0,0
teamo negro por siempre,0,0
Shedlestky.siguiendo,0,0
El...rangel,0,0
El jijiri jajara 3000,0,0
Jose_Â¶Â¥âœ“Â¢â‚¬Â£,0,0
Santos,0,0
Meiri,0,0
luis,0,0
@Elkinsantos><^,0,0
â™£ï¸â€ Â¡CITY BOY CITY BOYY!â€ â™£ï¸ğŸ¥€ğŸ‘€,0,0
MODE ElGamerKreck,0,0
â—â—Teamâ—â—Negroâ—â—,0,0
Ivan,0,0
Anderson Leonel C.O.â™¥ï¸ğŸ‘»ğŸ˜¹,0,0
Juan angel Cardenas,0,0
Eduardo D Marquez,0,0
â˜…spcâ˜…,0,0
Santy,0,0
NataniksğŸ±ğŸ¢ğŸ¶,0,0
ten negro.,0,0
Matapata,0,0
MAYNER ROJAS,0,0
AnalÃ­92_Â¥,0,0
ï£¿ Fernandito ï£¿,0,0
Yeremy Sigero,0,0
ğŸ’œ,0,0
Lolo xd,0,0
vanessa,0,0
Miguel angel,0,0
â€ Â»chechoÂ«â€ ,0,0
edixon Ramires,0,0
Emer FF,0,0
Ì´Í‰ÍÌ¼ÌœÌ²ÍÌªÌ£Ì§Ì¤Ì˜Ì±Í…Ì—Ì¥Í–ÍˆÍˆÌ¼ÌœÌºsÌ¸ÌºÍ™Ì¼ÌªÌ¦Íš,0,0
Noe Cortes,0,0
chiker,0,0
rey dela ak,0,0
Owen Zamora,0,0
cÃ³mo es pa la parls,0,0
Damian Aguilar,0,0
Andriu,0,0
shadow,0,0
ğŸ‘¤,0,0
santiagoğŸ«¶s+z,0,0
dylancorredor8,0,0
AdriÃ¡n SÃ¡nchez,0,0
seguidor de thomas carlitosğŸ“,0,0
fabian,0,0
Leo Suastegui,0,0
ğ•¾ğ–†ğ–’ğ–šğ–Šğ–‘ ğ–‰ğ–šğ––ğ–šğ–Š,0,0
Camilo Esteban Camargo Angarit,0,0
Lancer!!,0,0
SixgamingYT,0,0
ğŸ’€maicolâ˜¢ï¸,0,0
ï¸,0,0
negro,0,0
David,0,0
JuliÃ¡n Tim negro,0,0
7 semanas random,0,0
Jeysonâš¡,0,0
thomy,0,0
damian,0,0
Daniel Duran,0,0
Bekzat,0,0
EzeğŸŒ©â€¼ï¸,0,0
Francisco,0,0
Josue Coyoy,0,0
Israel,0,0
Anderson,0,0
Diego_Alexander$2000,0,0
Meowlconpan,0,0
Kika Kika Kika,0,0
amo stranger things,0,0
hectorealexis2,0,0
Dany el navideÃ±o,0,0
irod,0,0
Mika Pastrana,0,0
la rana rene guapağŸ˜,0,0
Nazareno Trindade,0,0
$@d\\â‚¡Â°,0,0
baas,0,0
ğŸŒâš¡Zeus77hp_misticoâš¡ğŸŒ,0,0
Jose Antonio Valdezpruneda,0,0
Aldahir Meza,0,0
l_waz,0,0
Agustin Guajardo,0,0
TRADEOS DE ROBA UN BRAINROT,0,0
Jose Cruz,0,0
Sebas_50,0,0
Chrisvlb1,0,0
Bladimir CedeÃ±oğŸ˜¼âœŒï¸,0,0
EduğŸ¥€,0,0
NotificaciÃ³n,0,0
DAVID,0,0
ValentÃ­nnosecuanto,0,0
Yuxz,0,0
Chanchito,0,0
my horror movies and I don\'t,0,0
advertencia,0,0
vic._.,0,0
â—Œâ‘…âƒâ—â™¡â‹†â™¡ ğ‘–ğ‘ ğ‘ğ‘–ğ‘ğ‘ â™¡â‹†â™¡â—â‘…âƒâ—Œ,0,0
ciro,0,0
Edwin Gamboa,0,0
Team Negro,0,0
C0PPEl,0,0
Dylan Manu.bs,0,0
ğŸ©·ğŸ¾Ğ”Ğ¶Ğ¾Ğ·ĞµÑ„Ğ¸Ğ½Ğ° Ğ´Ğ¶Ğ¾ÑÑ‚Ğ°Ñ€ğŸ¾ğŸ©·,0,0
JUAN ğŸ˜‡,0,0
ï¸Mimica,0,0
tanjiro,0,0
à¦”à§£â˜¬âœDanerâœâ˜¬à¦”,0,0
@seidiyasmin883,0,0
DanielğŸ–¤,0,0
Un_tal_sanchez,0,0
Dembeledononblabibidlinonbon:,0,0
Joselito Castro,0,0
frijol,0,0
Kelblack,0,0
alex18_god,0,0
soybetilloelguapillo,0,0
Thi ;D,0,0
Pollitosanti Elgrave,0,0
Fnaf_y_abrahaham,0,0
Ginno456,0,0
TOKITO ğŸŒ«ï¸ğŸŒ«ï¸ğŸŒ«ï¸,0,0
Emi_yx7,0,0
IsaacğŸ¤“,0,0
mrbewol,0,0
rinmya,0,0
Alexis Ness,0,0
ğŸ‡¨ğŸ‡±TetoChetğŸ‡¨ğŸ‡±,0,0
Minecraft asiendo weterdrop,0,0
Leonardo uriel Paredes,0,0
Alejandro Mejia,0,0
ï¸,0,0
ok maÃ±ana ğŸ¤™ğŸ¤™,0,0
David el pro,0,0
Sergio Molina,0,0
KeiAÌ¶lÌ¶aÌ¶nÌ¶nÌ¶?Ì¶,0,0
ğŸ˜ˆEl chucho colochoğŸ˜ˆ,0,0
JuanDavidRangel,0,0
spsbod,0,0
Lp_juan,0,0
samuel leandro,0,0
El tocino Hacker,0,0
à®ã€°à¸ºãƒ»:*:ãƒ»âœ¿à¸ºğ“®ğ“¶ğ“²à®ã€°à¸ºãƒ»:*:ãƒ»âœ¿à¸º,0,0
Franco ğŸºğŸ•¸ï¸,0,0
ï¸,0,0
josue,0,0
_Julifleitas07,0,0
Anfer23ğŸ« ,0,0
Ell_keiner,0,0
keiner ğŸŒ¹ğŸ‡¨ğŸ‡´ ff,0,0
Soy_scorpioffYT,0,0
Arthur ğŸ˜,0,0
RaÃºl SebastiÃ¡n GutiÃ©rrez Palen,0,0
Damian,0,0
Juanito,0,0
salo,0,0
varGs 181,0,0
Angel CÃ¡rdenas,0,0
âš¡,0,0
antoniorodriguesd419,0,0
Yuji_ltadori,0,0
Bruno Rivera,0,0
con heo kiÃªu sao?,0,0
AndrÃ©s Felipe monsalve Santa,0,0
anto,0,0
undertale fans,0,0
Joe,0,0
Dylan,0,0
67â·   Jâš¡ï¸an,0,0
Ian :J,0,0
Walter De La cruz,0,0
Team motocroosğŸ«¶,0,0
patito onichan,0,0
monta la de loco,0,0
âš¡KEVIN XZğŸ‘»,0,0
Thiago Granillo,0,0
ğ”ğ”ğ”¯ğ”¬ğ”«âœ™âœ¨,0,0
ğ“œğ“²ğ“­ğ“ªğ“¼,0,0
arias_GX,0,0
ğŸ’®ğŸ¦´ğŸ‘»ğŸ‘€äº—JordanaisabelğŸ‘€ğŸ‘»ğŸ¦´ğŸ’®,0,0
Enzo NarğŸ‡µğŸ‡¾ğŸ‡µğŸ‡¾,0,0
roque.eb,0,0
ale,0,0
â˜…Austin......EDITSğŸ¥€,0,0
Beto,0,0
Johan,0,0
Mauricio,0,0
Diego,0,0
el pajas_locas,0,0
gatito con flow,0,0
hola,0,0
santi el insanoğŸ¤‘ğŸ¤‘ğŸ¤‘ğŸ¤‘ğŸ¤‘ğŸ¤‘ğŸ¤‘,0,0
X,0,0
DAIKI,0,0
LICHITA-VIP,0,0
MasXmenos 2.0,0,0
â“‹á´Šá´‡Ê€á´‡ã€ï¼­ï¼¡ï¼®ï¼´ï¼¥ï¼®ï¼©ï¼¤ï¼¯ã€‘ÊÉªsÉª ï¼¸ï¼®ï¼¸ï¼¸â˜»ï¸â˜ºï¸ï¸,0,0
FabiÃ¡n Bermudez,0,0
Ethan Osses,0,0
Gallego ğŸ‚,0,0
Milo:),0,0
Axel ğŸŒŸ,0,0
scorpion team,0,0
salva,0,0
HEROKER_YT,0,0
EVELIN GARCIA,0,0
Wilber Polanco,0,0
âš½ï¸.SEBAS/@EDITSğŸ¥‡,0,0
Rodrigo,0,0
Manuel570,0,0
danielmatiasdelga,0,0
yerar,0,0
ã‚¢ãƒ³ãƒ‰ãƒªã‚¨ãƒ«,0,0
ğŸ¸ğŸ°ğŸŸªBonnie_PelucheğŸŸªğŸ°ğŸ¸,0,0
AndresxmcğŸ•·ï¸ğŸ•¸ï¸ æ„›,0,0
Maza Maza,0,0
Rayo Xp,0,0
Emmanuel_ @ 0513,0,0
ğ‰ğğ§ğ§ğ¢ğ ğ¤ğ¢ğ¦ğŸ§Šâ˜ï¸,0,0
roba un brainrot,0,0
team negro,0,0
â„¢ Brandon â„¢,0,0
EstÃ¡s solo,0,0
temu. oficial,0,0
Dilan_Rios,0,0
aetherion_dev,0,0
Bayron Ramosmilla,0,0
ğŸ”¥ğŸ« DieguitoğŸ« ğŸ”¥,0,0
GABRIEL ISAAC RHLM,0,0
Jose,0,0
TINGO_STUNT,0,0
funk?,0,0
Ingreeth Plata,0,0
stefano,0,0
Jordan Roque,0,0
Joel_crak907,0,0
Jonathan,0,0
...,0,0
Dylxn_aD$,0,0
Climaco,0,0
Livinton Arzube,0,0
Jared Cuadra,0,0
TEAM_NEGROğŸ¥·ğŸ¥·,0,0
Wlalsmy RodrÃ­guez,0,0
Tigre blanco ğŸ‘¹ğŸ‘¹,0,0
Juan david Gonzales,0,0
Emmanuel,0,0
â­tsu_fan,0,0
team meowl,0,0
ğŸ…tomateğŸ…,0,0
Dereck Gil,0,0
Bman,0,0
pedro(version\'smalepy),0,0
JENNY-MOD,0,0
Brainder Gamez,0,0
mayerlinpirela691,0,0
ğŸ˜»ltz_Justâ™¡â™¡,0,0
ğ…ğ«ğšğ§ğœğ¢ğ¬ğœğ¨,0,0
Luis Santa,0,0
camera man simp,0,0
IkerğŸ˜´,0,0
Iron Gamer,0,0
âš¡~UX8D~âš¡,0,0
lameuf7600,0,0
DA SILVA,0,0
robloxinito,0,0
kirinttou,0,0
emilianito,0,0
Yorbelys Castillo,0,0
Thiago Leguizamon,0,0
â˜¯ï¸JÏ…É³Î¹Ïƒrâ˜¯ï¸,0,0
Axel11,0,0
JuliÃ¡n Sevilla,0,0
juandavidcastrome63,0,0
regalo,0,0
Goku@y-n,0,0
JosÃ©@ngel,0,0
MR_TMOTTY,0,0
el pepe_MAGO,0,0
Kevin RamÃ­rez,0,0
HENRY GONZÃLEZ,0,0
DANNY_15,0,0
ğŸ§£,0,0
Calebâ™¤â˜…,0,0
ã‚¹ãƒ†ã‚£ãƒ¼ãƒ–ãƒ³ãƒ»ãƒ ãƒ‹ãƒ§ã‚¹,0,0
bold4333,0,0
dinosaur,0,0
Jordanyt,0,0
isaac,0,0
Team habrahaham,0,0
lil_jxrxd,0,0
Leo no F.A.C TOS,0,0
Gabriel EstangağŸ˜ğŸ’¯ğŸ’¯,0,0
Repost â€¢ ğŸ•Šï¸ â€¢,0,0
jairitoeltocinacio2.0,0,0
ferchoâœ”ï¸,0,0
Trejos-gr,0,0
Erick ğŸºF.W,0,0
Santiago vxz,0,0
marquitos toy,0,0
Niky,0,0
mateo,0,0
NICOLAS TABARQUINO GUZMAN,0,0
Lagata mundo,0,0
MatÃ­as fnf,0,0
NiC0,0,0
Angel SÃ¡nchez angel,0,0
âš½ï¸::à¼’ï¸â˜ ï¸ï¸ ğšœá´ÊŸÉªá´›á´€Ê€Éªá´ â˜ ï¸ï¸à¼’ï¸,0,0
Richard,0,0
Aaron-exe,0,0
RD-MAXIMO,0,0
iandaniel,0,0
elltoxico,0,0
SANTIAGO_V,0,0
tomi115,0,0
Cr7ğŸ¦ˆğŸ¦ˆ,0,0
manuelll473,0,0
el perrito mÃ¡s perrÃ³n_â‚¬@#,0,0
Chonfree Herrera,0,0
Alebex12345m,0,0
PancitoğŸ«°,0,0
ALEXANDER,0,0
.,0,0
kakÃ¡ :3,0,0
[{(.L.)}],0,0
Laurens Alcida,0,0
ichigo1907242.1,0,0
Sanemicamo,0,0
gaboprox77,0,0
Ana Aguilar,0,0
team negro,0,0
ğŸ’¸ ğŸ˜œteam guntersitoğŸ˜œğŸ’¸,0,0
Aramix11,0,0
Tomasch,0,0
TheMercuryPvP,0,0
Angel Lecuona,0,0
Luisfrausto95,0,0
Jonathan Hernandez,0,0
dylan_sasunaru,0,0
daniel,0,0
nicolğŸ©µğŸ« ,0,0
Joaquin MuÃ±oz 777,0,0
Aylin__xxx,0,0
team.negro,0,0
JosÃ© LÃ³pez ğŸŒ¹ ğŸ§‚,0,0
donjuan,0,0
sebas xd,0,0
zacura,0,0
CDY  Puchix7,0,0
Sael_moises,0,0
Agustin.Reinoso_,0,0
yender ğŸ˜,0,0
Rolo6468,0,0
Andresito ğŸ©µğŸ©µ,0,0
Ming,0,0
I am batman,0,0
a lo panenka,0,0
Aaron,0,0
Daniel,0,0
@EL DIEGO@,0,0
Santiago Castro,0,0
vania,0,0
Warner24,0,0
ğ‰ğ®ğšğ§ğ¢,0,0
Ithan@jafet,0,0
Jhair Ticona,0,0
Samuel MuÃ±oz,0,0
Telekinesis âˆ,0,0
ğŸ¥·ehytan esaiğŸ¥·,0,0
Oscar,0,0
KRVğŸ’ğŸ˜â€¢ â˜‘ï¸,0,0
ğŸ…mr_ tigre ğŸ¯,0,0
Jesus Ahumada,0,0
molixdddpuro cr 7,0,0
Benjamin Barreto,0,0
â‚¬bachira:v,0,0
Maximo,0,0
Johan,0,0
Keiner Benitez,0,0
.Ãngel,0,0
joaquin32276 trucos,0,0
samirmendoza,0,0
lyan_gra,0,0
Gore_lol.-.,0,0
Kiara angel,0,0
Javi,0,0
Godzilla Nelson ğŸ‡§ğŸ‡´,0,0
tu gitanico,0,0
â– â€¢â˜…elliot femboyâ– â€¢â˜…,0,0
Messi,0,0
LAVA LIGHTROOM T2,0,0
CÃ‰SAR,0,0
esteban,0,0
EFREDY456,0,0
user7614717362145,0,0
dinosaurios24,0,0
MARIN #_&67109keilerjaretossaâ™ ,0,0
mesias1011åŠ›,0,0
Gabriel Torrez,0,0
Juan DiazğŸ‘½,0,0
12345,0,0
juanM34î€€,0,0
wiwi_you4,0,0
Gerardo HM,0,0
Joako,0,0
emiliano,0,0
Josue Davalos,0,0
Derek Quezada,0,0
YZMAT_RGB,0,0
pendejohot2,0,0
ian,0,0
Iker el 20âš½âš½,0,0
Carlos 1231123,0,0
SantiğŸ’™,0,0
senventh heaven,0,0
nikoemill,0,0
Â§blackÏ€>,0,0
REYDMC,0,0
el de los memes malos oficial,0,0
bear merero ğŸ»ğŸ‘¾ğŸ‘¾,0,0
palomaco29,0,0
scp-999,0,0
equipo pim plam,0,0
iZoro,0,0
Juan Diego Colmenares,0,0
oscure41,0,0
â™› ğ•¸ğ–†ğ–—ğ–ğ–” â™›,0,0
â„¬ğ“ğ“‡â„´ğ“ƒâœï¸ğŸ…±ï¸,0,0
el crisa15,0,0
Las Guerreras Musics âœª,0,0
â™¦ï¸ğŸ•¹alejo HğŸ‡¨ğŸ‡´ğŸ®,0,0
ğŸ«‚ğŸ‡§ğŸ‡´tuğŸ¥¹ wachito fiel â™¥ï¸ğŸ¥¹ğŸ¥°,0,0
Jaret Alvarez,0,0
@edit.animis.pelis._&,0,0
TRADEO,0,0
notificadion,0,0
Amadeo Villegas,0,0
V   Style,0,0
Tiziano Gallegos,0,0
Alvaro Quispe,0,0
team Negro,0,0
ultra godzilla,0,0
Kevin Machado Martinez,0,0
Carlos,0,0
ADRIAN_<,0,0
Breidy Rangel,0,0
clan migajeros,0,0
tiotacopro,0,0
Juan Mendez,0,0
xz...luis,0,0
botcito,0,0
anonimo,0,0
Diosdefishhhh@,0,0
YUPI MAYOR,0,0
â€¢carlosâ€¢â„¢,0,0
GTR 35,0,0
Estebinson Mantilla,0,0
â¤ï¸â€ğŸ”¥shidou of shadowğŸ±,0,0
hijadejavivi,0,0
triple jota(oficial),0,0
Antronixx,0,0
4NG3L1T0,0,0
Pilar Pihue,0,0
ElğŸ¥€CapibarağŸ«¶â¤ï¸â€ğŸ©¹,0,0
AGUX,0,0
Vidal Antonio,0,0
juanrrm2,0,0
Juan pablo R ğŸ’¸,0,0
josua,0,0
SGS,0,0
Rin _Flinxx,0,0
Christian a :),0,0
Depros1127,0,0
Edgar,0,0
sperdersammy,0,0
Steveen,0,0
fwerer.H.A,0,0
Isagi Yoichi bachira es gey ğŸ”¥,0,0
Tuberculosis gonzales,0,0
â€˜â€¦,0,0
andrex,0,0
kod_sn,0,0
â˜…Kevinâ˜…,0,0
ğŸ’”ğŸ’”jordanğŸ˜”ğŸ˜”,0,0
Jorge Carrillo,0,0
ğ‘’ğ“ ğ“‚ğ’¶Ìğ“ˆ ğ‘”ğ“Šğ’¶ğ“…ğ‘œ âœ,0,0
â†’ Aylu ğŸ’™â†,0,0
Tayron Fereira,0,0
Alexhuach00,0,0
Elian_33,0,0
miguel,0,0
YORÂ®Â®ğŸ€ğŸ’¯,0,0
Gerardo Garza,0,0
normansolis5,0,0
breinerbenavides5,0,0
SAHIR NUÃ‘EZ,0,0
ğŸ˜»ğŸ’–Tu gatitoğŸ’–ğŸ˜»ğŸ˜,0,0
ariel,0,0
El insanoğŸ˜œ,0,0
Spider_manğŸ•·ï¸ğŸ”´,0,0
Luismateo Soto,0,0
Alberth Donis,0,0
Anel Ortega,0,0
Saira Ortega,0,0
pinocho,0,0
moto truks,0,0
DomÃ­nguez Miguel,0,0
Ãngel123,0,0
Coldificado,0,0
glitterğŸ‰,0,0
panditağŸ¼,0,0
Driver,0,0
okarun0716,0,0
Carlos Santana,0,0
rusia,0,0
â™§2010isaiasâ™§,0,0
te amo LğŸ’—,0,0
Daniel632,0,0
AntonioğŸ‘¹777ğŸ‘¹,0,0
ê§â˜ ï¸â‚­iâ„’â„’â„° Râ˜ ï¸ê§‚,0,0
jonh117_jefe,0,0
Juan,0,0
Cristian,0,0
CÃ³rdoba guataquiraâ€ â€ â€ â˜…,0,0
Emanuel GarzÃ³n,0,0
DENIS,0,0
ğŸ§,0,0
dxn,0,0
noseXDD,0,0
Hung Nguyá»…n,0,0
Edrian Lopez,0,0
â˜…maxo 2â˜…,0,0
.,0,0
Alex@5555,0,0
Sandres2ğŸ˜,0,0
AndresiÃ±oğŸ˜®â€ğŸ’¨,0,0
Jordan Alzate,0,0
edgein,0,0
â€ DA.JI.MA.LEâ€ ,0,0
Santino Molina,0,0
Ethan Astorga,0,0
benja_16693,0,0
Fitin,0,0
a_7el,0,0
Eduardo ğŸ˜ŒğŸ¤«ğŸ¥¶,0,0
Luislimon_6,0,0
tech jacket edits,0,0
verse curse.....,0,0
el wueroğŸ˜,0,0
coolkai,0,0
Freddy,0,0
SebastiÃ¡nğŸ˜ŒğŸ™‚â€â†•ï¸,0,0
á´¹á´¿ã€†á‘Oá™­á’ªá—ª,0,0
chismecitostime57,0,0
Shadow2.0,0,0
noxpns26,0,0
Xavi Pacheco,0,0
el lora,0,0
AndrÃ©s Maradiaga,0,0
alejandro anchante luna,0,0
xddddd,0,0
pedro,0,0
Goku_blaek,0,0
ï¸,0,0
Bachata:D,0,0
Yeremi Hernandez,0,0
simulacro de SkyAlert,0,0
Martin PavezğŸ§¡ğŸ§¡ğŸ§¡,0,0
MachucağŸŒ€.,0,0
Roberto Recendiz,0,0
elMar 456,0,0
yoni10 ğŸœâœ¨,0,0
takis,0,0
santiago_TVR SIMIOğŸ’,0,0
D4NIL03LP4PU,0,0
SneiderğŸ‘º,0,0
Lyan Santiago,0,0
200wer,0,0
...........smddmd,0,0
Aron Fernandez,0,0
axel_lux68,0,0
â¬›âœ¨ğŸ¥LA CAMARAğŸ¥âœ¨â¬›,0,0
â˜…fer_asâ˜…,0,0
josxana,0,0
ğŸ‘‘å±…åœ°èšé›†ä¼´éš¨é›»è…¦ğŸ‡ªğŸ‡¨,0,0
NicolÃ¡s Guio,0,0
satorugojo,0,0
Jaime$_$,0,0
Cristian Gomez,0,0
JrGato,0,0
team_negro100,0,0
Samusamu,0,0
notificaciÃ³n,0,0
user666,0,0
lucian de roblox Juanito 2,0,0
Santi Pulga,0,0
ğ“¬ğ“®ğ“µğ“²ğ“¼,0,0
misterio,0,0
abranmeeloyo,0,0
elmmanco16,0,0
jordy omar,0,0
lavinho,0,0
donpaprika:v,0,0
Derek Sanchez,0,0
dilanfer111,0,0
coolkidâ¤ï¸,0,0
Osvaldo HernÃ¡ndez,0,0
Francisco Perez,0,0
notificacion,0,0
jero_pro,0,0
jairo AndrÃ©sğŸ˜,0,0
Denner Silva,0,0
maxi669__0,0,0
Victor Arreaza,0,0
Ryoku_Sawada12,0,0
el chamo,0,0
pabloandrescendal,0,0
xd,0,0
ALEJANDRO ğŸ‡¨ğŸ‡´,0,0
Vidalcho07ğŸ˜®â€ğŸ’¨,0,0
Teem negro,0,0
Santiago Morales,0,0
CIROğŸ˜‰,0,0
@ğ•´ğ–˜ğ–†ğ–†c,0,0
JOSEâµâ°Â²,0,0
SantiğŸ„,0,0
Santi Sanchez,0,0
ğ‘ .ğ‘’ğ‘ ğ‘ğ‘ğ‘™ğ‘œğ‘›ğ‘âœ°âœ­,0,0
Thaiel_freddy,0,0
Juana Diaz,0,0
Diego low,0,0
Marianonumit456,0,0
Thiago.arturo,0,0
A.J,0,0
MiloFrioğŸ’ğŸ”¨,0,0
Javiercanchi,0,0
MAXKER,0,0
Slipknot,0,0
Ä€lÄ“xğŸŒ‘,0,0
MiguelğŸ’¯ğŸ•·ï¸ğŸ•¸ï¸,0,0
Xio,0,0
Miguel â‚¡â‚²,0,0
Tadeyes MÃ©ndez,0,0
juancho ğŸ˜ğŸ˜,0,0
@rey_invondicional@,0,0
Douglas,0,0
Natanael MÃ¼ller ğŸ§‰,0,0
NADIE ??â€½,0,0
ğŸ˜fan Abraham ğŸ˜,0,0
Mauricio Uva,0,0
austin,0,0
Francisco,0,0
Marco Rubio Ruiz,0,0
7580109358568539192,0,0
Fabrizio ğŸ¤´,0,0
.ğ•¸ğ•ºğ•ºğ•¹.,0,0
Amaro Duran,0,0
ğŸ’”EderğŸ¥€,0,0
Liam yampier Montilla Galeano,0,0
Sombra@_us,0,0
Alex Figuerola la semana pasad,0,0
hollow sax,0,0
Juan camilo,0,0
â„¢ MIGUELâˆšâ™ª,0,0
tumeconocesğŸ¥ºğŸ˜£ğŸ˜¢,0,0
Antwan Vix,0,0
Kevin,0,0
Johan Rojas,0,0
Dinnerbone,0,0
=_JOSEPH_=,0,0
ï¸El_purryz,0,0
Keiner PatiÃ±o,0,0
DIABLITO 502,0,0
Dominic Toretto,0,0
á›•á—´Æ³á—°á—´.R666,0,0
tokito373,0,0
Â£Â¢alakÂ¥â‚¬,0,0
Anyolvis f,0,0
ya me cambiÃ© de usuario,0,0
simios,0,0
Felipe Melgarejo,0,0
cristhian_,0,0
lucio_cuenta_secundaria,0,0
IsaÃ­as paez,0,0
Alex hermano de hector,0,0
gatorade oficial,0,0
Joaquin Bohn,0,0
ramdomixixs,0,0
_MATHEO_MC,0,0
tiago ojeda,0,0
Max.aguillonc,0,0
anclacion,0,0
Dod ;),0,0
alastor26,0,0
la karkerkar combinacion,0,0
juantello,0,0
michi naranja ğŸŠ,0,0
EDUARDO PAZğŸ˜®â€ğŸ’¨,0,0
PerroVerde09,0,0
Chino botes,0,0
Rafael puello,0,0
Jhoan sebastian Gonzales,0,0
Daniel MontaÃ±o ï£¿,0,0
euclidesrodrig5,0,0
{MAIKEL},0,0
Maikol yacson,0,0
NEWIL-18,0,0
tocino wapoğŸ¤©,0,0
Eder,0,0
Geremy Montoya,0,0
Adri282930,0,0
Kevin Daniel Balbuena vallejos,0,0
alexisIMarâœ¨,0,0
â„°ğ“‡ğ’¾ğ’¸ğ“€ ğ“ˆğ’¶ğ“ƒğ“‰ğŸ˜¶â€ğŸŒ«ï¸,0,0
Mari,0,0
Aldo,0,0
ğŸ’œ ğŸ‘¾conejito ğŸ‘¾ ğŸ’œ,0,0
tanjiro,0,0
â‡ï¼´ï¼¯ï¼¸ï¼©ï¼£ï¼¯ä¹ˆ,0,0
frio como el hielo,0,0
Fernando alejandro Puc estrell,0,0
Axel H,0,0
David Guevara,0,0
ğŸ‘‘tem negro ofisial,0,0
liam,0,0
Hola Soy Sergio Ramosâš½ï¸,0,0
Cervantes._y,0,0
Rodrigo Lopez,0,0
ElpepeğŸ‘,0,0
Lean El pro,0,0
Eliot,0,0
pollito con papas_(+),0,0
Edyson de JesÃºs Materano Toro,0,0
Team_Negro,0,0
Esneider Castro,0,0
Enedino Del angel hernandez,0,0
Julio,0,0
Abdiel,0,0
alexa yakucs,0,0
Elmasfino,0,0
REY_teamfutbol10,0,0
AbyssX,0,0
Evanny Chinchilla,0,0
Miller101101,0,0
Juan Moran,0,0
Dani,0,0
Antoine HernÃ¡ndez ğŸ¥ğŸ¥ğŸ¥ğŸ£,0,0
Aaron Quinto,0,0
alguien,0,0
DeibithğŸ”‹ğŸ’°,0,0
Nehemias Oyarzun,0,0
GUZMAN 777ğŸ™ŠğŸ‘»,0,0
juanjo,0,0
Lisandro Esquivel,0,0
Joseandres Perdomomadrid,0,0
Bismarck,0,0
ã€ŠÂ¥â—Gabrielâ—Â¥ã€‹,0,0
Rafael,0,0
7587401516483429432,0,0
Alexx277,0,0
Ahdrew Cabrera,0,0
Andres Moreno,0,0
santiagoğŸ˜¶â€ğŸŒ«ï¸ğŸ˜¶â€ğŸŒ«ï¸,0,0
Angel Ortiz HernÃ¡ndez,0,0
ğŸKris r la k jajajaja ğŸ,0,0
Sergio David Saavedra,0,0
Jorge Nicolas,0,0
ale_blox,0,0
Â¡#nicolas#!,0,0
yos,0,0
Santi Urbina,0,0
JesÃºs,0,0
hollowfan_god,0,0
steven,0,0
Dorian Madrizâš½â¤ï¸ğŸ’™,0,0
Eydan Ponce,0,0
jackelmohtar,0,0
ğ”¼ğ•ƒ ğ•€â„™ğ”¼â„ğ•€â„•ğ•ğ”¼â„•ğ•Šğ•€ğ”¹ğ•ƒğ”¼,0,0
Cesar Tadeo MuÃ±os RodrÃ­guez,0,0
JosÃ©ğŸ˜,0,0
Diomar,0,0
Juan Rodriguez,0,0
eduardo,0,0
Tokito ğŸ˜ğŸ˜ğŸ˜ğŸ˜,0,0
Emiliano,0,0
super man,0,0
lucho,0,0
diego,0,0
JuliÃ¡n Valencia Monge,0,0
David.c17,0,0
xader,0,0
aguadecoco-747,0,0
Sebastian Santillan,0,0
Alejandro Hendry Pedra,0,0
Juan,0,0
BenjamÃ­n Peralta,0,0
C00LKIDD XD,0,0
Alan Reyes,0,0
Ian Ramirez,0,0
ELIAN CLASH,0,0
REY YT ğŸ¥·ğŸ¼ğŸ‘¾,0,0
iker,0,0
Alan romero,0,0
edits_453,0,0
Kenneth L. Moreno,0,0
Mata abuelas 3000,0,0
FERâš½,0,0
Santiago AvendaÃ±o,0,0
VÃ©lez,0,0
el_papas456,0,0
Samuel Restrepo,0,0
Spiderflt1337,0,0
â€ jesÃºsâ€ ,0,0
Erick J,0,0
ÃƒLÄ˜JÄ„ÅƒDRÃ˜.L.Åƒ,0,0
_Qwerty_,0,0
Alex GT,0,0
slenderman,0,0
Martin 09,0,0
edy,0,0
c00lk!d,0,0
Jorge Franco,0,0
yenoxvee,0,0
Juan Alvarado,0,0
Federico Victoriano justo,0,0
Visionx,0,0
ã€Šâ˜†ğ•ºğ–˜ğ–ˆğ–†ğ–—â˜†ã€‹,0,0
Jhojan Caro,0,0
TICHIII,0,0
kinmax206,0,0
BenjağŸ˜ƒğŸ‘,0,0
Osmith Caraballo,0,0
Snowman,0,0
Gaspar CÃ©spedes torres,0,0
Carlos,0,0
Diego Vergara,0,0
Angelâ—â™¡,0,0
enderRS,0,0
xxianbloxxx,0,0
Emilio Castillo,0,0
PabloğŸ§ğŸ·,0,0
Iker Ortega,0,0
Dani Herrera,0,0
Didi_ğŸ¥·ğŸ¼âœ³ï¸âš¡ğŸ”±ğŸ¦ğŸ¦–!!!,0,0
xuko,0,0
Aldo Mateo,0,0
Said,0,0
Sebitz Garca,0,0
juan,0,0
jhosemiryairo2412,0,0
Thiago Chinchilla TOTO,0,0
elmer FernÃ¡ndez,0,0
PerlitağŸ’‹,0,0
ramonarojas936,0,0
Oscar_3350,0,0
cpm_el mejor,0,0
team negroğŸ‘‘ğŸ‘‘,0,0
jayr,0,0
â¬œyin-Yangâ¬›,0,0
ğŸ¥·TulioğŸ¥·,0,0
risa,0,0
Yesica yanina Ruiz,0,0
jakehbiebs,0,0
team and bros,0,0
el peluche_Foxy,0,0
fraisco,0,0
LuciMa,0,0
Xx_Luna_xX,0,0
ê§á¬Šá¬ğ’œğ“ƒğ‘”ğ‘’ğ“á¬Šá­„ê§‚ğŸ”âœ‹ğŸ½,0,0
ğŸ’¯ğŸ’¢call of duty ğŸ« ğŸ˜ˆ,0,0
marianaâ¤ï¸,0,0
XGARCIAXğŸ¤‘ğŸ«…,0,0
